Blocky stuff	Paper	Wall storage box	Plain chest	Office cabinet	Antique chest	Plain closet	Office locker	Antique closet	Office shelf	Plain stand	Iron stand	Wooden stool	Iron chair	Public seat	Soft seat	Box Sofa	Log Bed	Mini plain bed	Wall mirror	Large mirror	Picnic basket	Sandwiches	Berry basket	Letter	Notepad	Book	Open Book	Papers	Newspaper	Photo frame	Wall photo frame	Corkboard	Mini bookcase	Bookcase	Stone fireplace	Modern sink	Cooking stove	Microwave oven	Refrigerator	Washing machine	Sink	Tablet	Cell phone	Laptop	Television	Wall monitor	Arcade machine	Game Boy system	Speaker	Boo-in-the-box	Cardboard boxes	Whiteboard	Control unit	Wall Calendar	Hanging scroll	Sandbox	Vending machine	Chansey plant	Inflatable boat	Menu board	Worn wooden crate	Wooden crate	Large ventilation fan	Frame	Mini generator	Wall light	Town map	Team Rocket Wall Hanging	Star closet	Starry-sky bed
Cleanliness	Waterproof seat	Modern sink	Washing machine	Toilet	Sink	Towel rack	Bathtime set	Cleaning supplies	Shower	Bathtub	Bouncy blue bathtub	Water basin
Colorful stuff	Red paint	Blue paint	Green paint	Yellow paint	Pink paint	Cyan paint	White paint	Black paint	Gaming fridge	Stylish stool	Antique chair	Pop art chair	Gaming chair	Antique sofa	Pop art sofa	Pikachu sofa	Log Bed	Gaming bed	Pizza	Fried potatoes	Soda float	Afternoon tea set	Chocolate cookies	Sandwiches	Shaved ice	Ribbon cake	CD rack	Magazine rack	Mini bookcase	Bookcase	Stone fireplace	Gaming PC	Pinwheels	Knitting supplies	First aid kit	Balloons	Punching game	Hanging banner	Party bunting	Berry wall decoration	Wall-mounted flowers	Garden flowers	Painting (landscape)	Painting (portrait)	Painting (still life)	Water basin	Raichu sign	Photo cutout board	Poké Ball light	Model planet	Gaming light	Paint balloon (white)	Paint balloon (red)	Paint balloon (yellow)	Paint balloon (green)	Paint balloon (rose)	Paint balloon (pink)	Paint balloon (orange)	Paint balloon (purple)	Paint balloon (brown)	Paint balloon (beige)	Paint balloon (black)	Paint balloon (lime)	Paint balloon (plum)	Paint balloon (navy)	Paint balloon (blue)	Paint balloon (cyan)	Paint balloon (gray)	Paint balloon (aquamarine)	Flowery table setting	Lunch box	Hoppip water bottle	Juice trio	Flower garland	Jewel wall decoration	Treasure
Complicated stuff	Pencil holder	Fancy pen	Letter	Notepad	Book	Open Book	Papers	Newspaper	CD rack	Magazine rack	Mini bookcase	Bookcase	Printer	Computer	Microscope	Science experiment	Jumbled cords	Audio mixer	Whiteboard	Control unit	Spacesuit	Wall Calendar	Antique clock	Rowlet clock	Grubby letter	Grubby notepad	Grubby book	Grubby papers	Grubby newspaper	Bike	Menu board	Signpost	Information board	Cash register	Mini generator	Card reader	Town map	Team Rocket Wall Hanging	Digital camera
Construction	Sandbags	Metal drum	Construction supplies	Iron pipes	Wheelbarrow	Iron-scaffold plank	Iron scaffold
Containers	Wall storage box	Plain chest	Office cabinet	Gaming fridge	Poké Ball Chest	Berry case	Antique chest	Plain closet	Office locker	Antique closet	Office shelf	Polygonal Shelf	Plain stand	Iron stand	Luxury dresser	Cute dresser	Picnic basket	Mug	Tea set	Berry basket	Small vase	Leafy plant	Pitcher-plant pot	Extravagant flowers	Tall potted plant	Flat-leaf plant	Twisted potted plant	Small garbage can	Munna bank	Pencil holder	Photo frame	Wall photo frame	CD rack	Magazine rack	Mini bookcase	Bookcase	Dining cabinet	Refrigerator	Washing machine	First aid kit	Jumbled cords	Boo-in-the-box	Cardboard boxes	Wooden birdhouse	Mailbox	Worn wooden crate	Wooden crate	Barrel	Garbage bin	Recycling bin	Metal drum	Construction supplies	Wheelbarrow	Frame	Cash register	Hoppip water bottle	Juice trio	Flower backpack	Adventure kit	Oil lantern	Star closet	Star-shaped Dresser
Cute stuff	Poké Ball Chest	Berry case	Polygonal Shelf	Cute table	Pop art table	Berry chair	Stylish stool	Cute chair	Pop art chair	Cute sofa	Pop art sofa	Pikachu sofa	Pop art bed	Berry bed	Cute bed	Naptime bed	Cute dresser	Wiggly mirror	Ribbon cake	Munna bank	Bathtime set	Bouncy blue bathtub	Wobbuffet Wobbler	Berry clock	Rowlet clock	Castform weather charm	Eevee doll	Pikachu doll	Clefairy doll	Arcanine doll	Dragonite doll	Ditto doll	Substitute doll	Eerie candle	Chansey plant	Photo cutout board	Berry table lamp	Cute lamp	Model planet	Red meteor lamp	Orange meteor lamp	Yellow meteor lamp	Green meteor lamp	Blue meteor lamp	Indigo meteor lamp	Violet meteor lamp	Luxury lamp	Shell lamp	Berry hanging lamp	Cute flower	Heart Scale	Fairy Feather	Flower cushion	Flowery table setting	Lunch box	Hoppip water bottle	Flower backpack	Star closet	Starry-sky bed	Star-shaped Dresser	Moon clock	Star wall decoration	Jirachi lamp
Electronics	Gaming fridge	Gaming chair	Gaming bed	Microwave oven	Refrigerator	Fan	Air conditioner	Printer	Washing machine	Toilet	Tablet	Cell phone	Laptop	Computer	Gaming PC	Television	Wall monitor	Arcade machine	Game Boy system	Humidifier	Jumbled cords	CD player	Tabletop mic	Standing mic	Cool electric guitar	Cool bass guitar	Audio mixer	Speaker	Ceiling fan	Utility pole	Wireless power-transmitter switch	Wireless power transmitter	Mini generator	Floor switch	Wall switch	Card reader	Laser sensor	Security camera	Town streetlight	Harbor streetlight	Chic streetlight	Double streetlight	Mushroom lamp	Plain lamp	Desk light	Poké Ball light	Berry table lamp	Cute lamp	Poké Ball lamp	Model planet	Red meteor lamp	Orange meteor lamp	Yellow meteor lamp	Green meteor lamp	Blue meteor lamp	Indigo meteor lamp	Violet meteor lamp	Luxury lamp	Garden light	Lantern	Seedot Lamp	Mirror ball	Wall light	Shell lamp	Fluorescent light	Gaming light	Resort light	String lights	Pop art lamp	Berry hanging lamp	Surface light	Spotlight	Antique chandelier	Jirachi lamp
Exercise	Punching game	Wobbuffet Wobbler	Punching bag	Bike
Fabric	Fluff	Plain chest	Plain closet	Plain stand	Simple cushion	Plain stool	Resort stool	Stylish stool	Soft seat	Box Sofa	Plain chair	Resort chair	Chic chair	Fancy chair	Antique chair	Luxury chair	Office chair	Cute chair	Pop art chair	Gaming chair	Plain sofa	Resort sofa	Chic sofa	Antique sofa	Luxury sofa	Cute sofa	Pop art sofa	Pikachu sofa	Log Bed	Mini plain bed	Resort bed	Iron bed	Beach chair	Pop art bed	Poké Ball bed	Berry bed	Plain bed	Resort hammock	Guest-room bed	Antique bed	Industrial bed	Cute bed	Naptime bed	Picnic basket	Table setting	Towel rack	Knitting supplies	Crystal ball	Hanging banner	Party bunting	Castform weather charm	Eevee doll	Pikachu doll	Clefairy doll	Arcanine doll	Dragonite doll	Ditto doll	Substitute doll	Punching bag	Blank canvas	Painting (landscape)	Painting (portrait)	Painting (still life)	Beach parasol	Sandbags	Plain lamp	Luxury lamp	Room Service	Camping chair	Sleeping bag	Adventure kit	Starry-sky bed
Garbage	Nonburnable garbage	Wastepaper	Small garbage can	Jumbled cords	Grubby letter	Grubby notepad	Grubby book	Grubby papers	Grubby newspaper	Grubby tablet	Grubby cell phone	Garbage bags	Garbage bin	Recycling bin	Nonburnable garbage (outdoor)
Gatherings	Office shelf	Tea set	Table setting	Paper Party cups	Fried potatoes	Afternoon tea set	Chocolate cookies	Sandwiches	Pencil holder	Corkboard	CD rack	Magazine rack	Dining cabinet	Toy blocks	Pinwheels	Knitting supplies	Science experiment	Jumbled cords	Balloons	Cardboard boxes	Whiteboard	Decorative bookshelf	Decorative storage shelf	Decorative plant shelf	Berry wall decoration	Garden ornament	Photo cutout board	Garbage bags	Sandbags	Tires	Construction supplies	Iron pipes	Gaming light	String lights	Flowery table setting	Lunch box	Juice trio	Flower garland
Glass stuff	Sea glass fragments	Glass	Gaming fridge	Office shelf	Wall mirror	Large mirror	Antique dresser	Luxury dresser	Cute dresser	Wiggly mirror	Dining cabinet	Microwave oven	Printer	Washing machine	Tablet	Cell phone	Laptop	Computer	Gaming PC	Television	Wall monitor	Arcade machine	Alarm Clock	Humidifier	Crystal ball	Microscope	Science experiment	Spacesuit	Spaceship	Antique clock	Vending machine	Raichu sign	Card reader	Town streetlight	Harbor streetlight	Chic streetlight	Double streetlight	Plain lamp	Desk light	Poké Ball light	Berry table lamp	Cute lamp	Poké Ball lamp	Red meteor lamp	Orange meteor lamp	Yellow meteor lamp	Green meteor lamp	Blue meteor lamp	Indigo meteor lamp	Violet meteor lamp	Luxury lamp	Garden light	Lantern	Seedot Lamp	Mirror ball	Wall light	Shell lamp	Fluorescent light	Gaming light	String lights	Pop art lamp	Berry hanging lamp	Surface light	Spotlight	Antique chandelier	Clear Amulet	Modern door	Glass window	Window pane	Stained-glass window (upper)	Stained-glass window (middle)	Stained-glass window (lower)	Sash window	Water pillar quarter	Juice trio	Digital camera	Oil lantern	Star-shaped Dresser	Telescope	Star wall decoration	Jirachi lamp
Group activities	Office shelf	Wooden bench	Stone bench	Plain sofa	Resort sofa	Chic sofa	Antique sofa	Iron bench	Industrial bench	Luxury sofa	Garden bench	Cute sofa	Pop art sofa	Poké Ball Sofa	Pikachu sofa	Pop art bed	Wooden Bed	Plain bed	Guest-room bed	Antique bed	Industrial bed	Luxury bed	Gaming bed	Naptime bed	Picnic basket	Tea set	Table setting	Paper Party cups	Photo frame	Television	Wall monitor	Arcade machine	Knitting supplies	Game Boy system	Jumbled cords	CD player	Standing mic	Boo-in-the-box	Whiteboard	Campfire	Firepit	Bonfire	Sandbox	Tire toy	Slide	Vending machine	Small stage	Canoe	Inflatable boat	Photo cutout board	Construction supplies	Flower cushion	Flowery table setting	Map and compass	Treasure	Starry-sky bed
Hard stuff	Seashell	Brick	Concrete	Tinkagear	Polygonal Shelf	Iron stand	Iron table	Iron rack	Stone table	Industrial chair	Iron chair	Public seat	Spectator chair	Luxury chair	Stone bench	Iron bench	Stone fireplace	Strength rock	Stone tiling (wallpaper)	Stone flooring (wallpaper)	Stone brick wall (wallpaper)	Iron Ball	Skull Fossil	Armor Fossil	Jaw Fossil	Sail Fossil	Wing Fossil (head)	Wing Fossil (right wing)	Wing Fossil (left wing)	Wing fossil (body)	Wing Fossil (tail)	Headbutt Fossil (head)	Headbutt Fossil (body)	Headbutt Fossil (tail)	Shield Fossil (Head)	Shield Fossil (body)	Shield Fossil (tail)	Despot Fossil (head)	Despot Fossil (body)	Despot Fossil (legs)	Despot Fossil (tail)	Tundra Fossil (head)	Tundra Fossil (body)	Tundra Fossil (tail)	Stone brick wall	Stone pillar (upper)	Stone pillar (middle)	Stone pillar (lower)	Stone flooring	Stone tiling	Stone steps	Stone hipped roof	Stone roof valley	Stone roof decoration	Stone debris	Metal Debris	Star closet	Star wall decoration	Jirachi lamp
Healing	Humidifier	First aid kit
Letters and words	Office shelf	Letter	Notepad	Book	Open Book	Papers	Newspaper	Television	Wall monitor	Science experiment	Whiteboard	Wall Calendar	Decorative bookshelf	Hanging scroll	Grubby letter	Grubby notepad	Grubby book	Grubby papers	Grubby newspaper	Gravestone	Arrow sign	Menu board	Sign	Signpost	Information board	Raichu sign	Frame	Weakness Policy	Map and compass
Looks like food	Berry case	Berry table	Berry chair	Berry bed	Table setting	Pizza	Fried potatoes	Soda float	Afternoon tea set	Chocolate cookies	Sandwiches	Shaved ice	Ribbon cake	Berry basket	Berry clock	Berry wall decoration	Berry table lamp	Berry hanging lamp	Berry print (wallpaper)	Leftovers	Berry print	Lunch box	Juice trio
Lots of dirt	Red paint	Blue paint	Green paint	Yellow paint	Pink paint	Cyan paint	White paint	Black paint	Knitting supplies	Sandbox	Punching bag	Sandbags	Wheelbarrow	Skull Fossil	Armor Fossil	Jaw Fossil	Sail Fossil	Wing Fossil (head)	Wing Fossil (right wing)	Wing Fossil (left wing)	Wing fossil (body)	Wing Fossil (tail)	Headbutt Fossil (head)	Headbutt Fossil (body)	Headbutt Fossil (tail)	Shield Fossil (Head)	Shield Fossil (body)	Shield Fossil (tail)	Despot Fossil (head)	Despot Fossil (body)	Despot Fossil (legs)	Despot Fossil (tail)	Tundra Fossil (head)	Tundra Fossil (body)	Tundra Fossil (tail)	Mud
Lots of fire	Cooking stove	Fiery Magby statue	Campfire	Torch	Slender candle	Eerie candle	Wall torch	Firepit	Bonfire	Smelting furnace	Metallic smelting furnace	Charcoal	Oil lantern
Lots of nature	Berry case	Straw table	Log table	Garden table	Berry table	Berry chair	Log chair	Garden chair	Garden bench	Log Bed	Straw bed	Berry bed	Wooden Bed	Berry basket	Tall potted plant	Flat-leaf plant	Twisted potted plant	Berry clock	Vine wall decoration	Berry wall decoration	Berry table lamp	Seedot Lamp	Berry hanging lamp	Berry print (wallpaper)	Miracle Seed	Silver Powder	Big Root	Berry print
Lots of water	Resort hammock	Table setting	Paper Party cups	Soda float	Shaved ice	Modern sink	Toilet	Sink	Bathtime set	Cleaning supplies	Shower	Bathtub	Bouncy blue bathtub	Humidifier	Funky diffuser	Water basin	Inflatable boat	Beach parasol	Horsea fountain	Fire hydrant	Sprinkler	Mystic Water	Water pillar quarter	Hoppip water bottle
Luxury	Antique chest	Antique closet	Antique table	Chic table	Luxury table	Chic chair	Fancy chair	Antique chair	Luxury chair	Gaming chair	Chic sofa	Antique sofa	Luxury sofa	Guest-room bed	Antique bed	Luxury bed	Wall mirror	Large mirror	Antique dresser	Luxury dresser	Afternoon tea set	Fancy pen	Stone fireplace	Dining cabinet	Auspicious Armor	Malicious Armor	Antique clock	Chansey plant	Poké Ball light	Poké Ball lamp	Luxury lamp	Antique chandelier	Jewel wall decoration	Treasure
Metal stuff	Copper ore	Iron ore	Gold ore	Pokémetal fragment	Rare Pokémetal fragment	Copper ingot	Iron ingot	Gold ingot	Pokémetal	Rare Pokémetal	Office cabinet	Gaming fridge	Poké Ball Chest	Office locker	Office shelf	Iron stand	Industrial desk	Iron table	Office desk	Industrial chair	Iron chair	Public seat	Spectator chair	Luxury chair	Garden chair	Folding chair	Office chair	Gaming chair	Iron bench	Industrial bench	Garden bench	Poké Ball Sofa	Iron bed	Poké Ball bed	Industrial bed	Small garbage can	Fancy pen	Modern sink	Cooking stove	Microwave oven	Refrigerator	Fan	Air conditioner	Washing machine	Shower	Tablet	Cell phone	Laptop	Computer	Gaming PC	Television	Wall monitor	Alarm Clock	Funky diffuser	First aid kit	Microscope	Science experiment	Jumbled cords	Gold Teeth	Big Nugget	Step stool	Spacesuit	Model space shuttle	Spaceship	Vending machine	Bike	Mailbox	Weather vane	Cannon	Bell	Small stage	Fishing rod	Signpost	Information board	Barrel	Garbage bin	Recycling bin	Fire hydrant	Excavation tools	Metal drum	Construction supplies	Iron pipes	Wheelbarrow	Large ventilation fan	Cash register	Sprinkler	Mini generator	Card reader	Town streetlight	Harbor streetlight	Chic streetlight	Double streetlight	Desk light	Poké Ball light	Model planet	Garden light	Lantern	Mirror ball	Spotlight	Antique chandelier	Iron-plate flooring (wallpaper)	Team Rocket Wall Hanging	Iron wall	Iron-plate flooring	Iron deposit	Iron steps	Iron ladder	Metal chain	Iron door	Iron gate	Corrugated metal	Metal Debris	Metal fragments	Camping chair	Digital camera	Treasure	Oil lantern	Telescope	Cloud cannon
Nice breezes	Fan	Air conditioner	Pinwheels	Tidal Bell	Model space shuttle	Ceiling fan	Weather vane	Large ventilation fan
Noisy stuff	Alarm Clock	CD player	Cool electric guitar	Cool bass guitar	Speaker	Clear Bell	Tidal Bell	Music mat (low do)	Music mat (Re)	Music mat (Mi)	Music mat (Fa)	Music mat (Sol)	Music mat (La)	Music mat (Ti)	Music mat (High do)	Cloud cannon
Ocean vibes	Resort stool	Resort chair	Resort sofa	Resort bed	Deck chair	Beach chair	Resort hammock	Ship's Wheel	Sandbox	Beach parasol	Horsea fountain	Fishing rod	Harbor streetlight	Shell lamp	Resort light
Play spaces	Arcade machine	Toy blocks	Pinwheels	Balloons	Punching game	Boo-in-the-box	Wobbuffet Wobbler	Sandbox	Tire toy	Slide	Small stage	Music mat (low do)	Music mat (Re)	Music mat (Mi)	Music mat (Fa)	Music mat (Sol)	Music mat (La)	Music mat (Ti)	Music mat (High do)
Pretty flowers	Small vase	Leafy plant	Extravagant flowers	Tall potted plant	Flat-leaf plant	Twisted potted plant	Decorative plant shelf	Wall-mounted flowers	Chansey plant	Garden flowers	Wildflowers	Seashore flowers	Mountain flowers	Skyland flowers	Beautiful flower	Cute flower	Elegant flower	Robust flower	Wildflowers (orange)	Wildflowers (purple)	Wildflowers (red)	Wildflowers (blue)	Seashore flowers (blue)	Seashore flowers (orange)	Seashore flowers (white)	Seashore flowers (yellow)	Mountain flowers (pink)	Mountain flowers (purple)	Mountain flowers (red)	Mountain flowers (white)	Skyland flowers (blue)	Skyland flowers (orange)	Skyland flowers (pink)	Skyland flowers (yellow)	Beautiful flower (pink)	Beautiful flower (purple)	Beautiful flower (white)	Beautiful flower (yellow)	Cute flower (blue)	Cute flower (pink)	Cute flower (white)	Cute flower (yellow)	Elegant flower (orange)	Elegant flower (pink)	Elegant flower (red)	Elegant flower (yellow)	Robust flower (blue)	Robust flower (orange)	Robust flower (purple)	Robust flower (white)	Flower cushion	Flowery table setting	Flower garland	Flower backpack
Rides	Step stool	Model space shuttle	Spaceship	Bike	Handcar
Round stuff	Poké Ball Chest	Straw stool	Berry chair	Log chair	Plain stool	Resort stool	Stylish stool	Poké Ball Sofa	Poké Ball bed	Pizza	Chocolate cookies	Ribbon cake	Small garbage can	Alarm Clock	Knitting supplies	Humidifier	Crystal ball	Big drum	Big Nugget	Balloons	Wobbuffet Wobbler	Clear Bell	Tidal Bell	Ship's Wheel	Spaceship	Wreath	Berry clock	Firepit	Tire toy	Concrete pipe	Chansey plant	Small stage	Water basin	Canoe	Barrel	Tires	Metal drum	Construction supplies	Poké Ball lamp	Model planet	Seedot Lamp	Mirror ball	Surface light	Paint balloon (white)	Paint balloon (red)	Paint balloon (yellow)	Paint balloon (green)	Paint balloon (rose)	Paint balloon (pink)	Paint balloon (orange)	Paint balloon (purple)	Paint balloon (brown)	Paint balloon (beige)	Paint balloon (black)	Paint balloon (lime)	Paint balloon (plum)	Paint balloon (navy)	Paint balloon (blue)	Paint balloon (cyan)	Paint balloon (gray)	Paint balloon (aquamarine)	Firework (white)	Firework (red)	Firework (green)	Firework (yellow)	Firework (blue)	Title Screen	Pallet Town	Oak's Lab	Road to Viridian City	Pewter City Theme	Pokémon Center	Caves of Mt. Moon	Road to Cerulean City	Fuchsia City Theme	Pokémon Gym	Road to Bill	Vermilion City Theme	The S.S. Anne	Rocket Hideout	Silph Co.	Battle! (Gym Leader Battle)	Union Cave	Ecruteak City	Bell Tower	Fortree City	Sootopolis City	Route 209 (Day)	Mt. Coronet	Game Corner	Driftveil City	Route 10 (Unova)	Dress Up With Props	Snowbelle City	Boutique	Super Training!	Contest Spectacular	Hau'oli City (Day)	Aether Paradise	Ultra Ruin	Wild Area (North)	Wyndon	Rose Tower	Battle! (Gym Leader) 1	Jubilife Village	South Province	The Academy	Area Zero	Battle! (Gym Leader) 2	Nugget	Silver Bottle Cap	Gold Bottle Cap	Lucky Egg	Life Orb	Iron Ball	Adrenaline Orb	Flame Orb	Ring Target	Armor Fossil	Moon clock
Sharp stuff	Fancy pen	Vending machine	Frame	Wall light
Shiny stuff	Crystal fragment	Stardust	Gaming chair	Gaming bed	Bathtime set	Cleaning supplies	Tablet	Cell phone	Laptop	Computer	Gaming PC	Television	Wall monitor	Crystal ball	Tabletop mic	Standing mic	Gold Teeth	Big Nugget	Auspicious Armor	Clear Bell	Gym emblem statue	Spacesuit	Model space shuttle	Bell	Signpost	Information board	Fire hydrant	Mini generator	Mushroom streetlight	Chic streetlight	Red meteor lamp	Orange meteor lamp	Yellow meteor lamp	Green meteor lamp	Blue meteor lamp	Indigo meteor lamp	Violet meteor lamp	Mirror ball	Fluorescent light	Music mat (low do)	Music mat (Re)	Music mat (Mi)	Music mat (Fa)	Music mat (Sol)	Music mat (La)	Music mat (Ti)	Music mat (High do)	Star Piece	Nugget	Silver Bottle Cap	Gold Bottle Cap	Metal Powder	Clear Amulet	Rainbow Feather	Silver Feather	Red crystal fragment	Digital camera	Star closet	Starry-sky bed	Star-shaped Dresser	Star wall decoration	Jirachi lamp
Slender objects	Vine rope	Twine	Small vase	Tall potted plant	Flat-leaf plant	Twisted potted plant	Fancy pen	Shower	Vine wall decoration	Slender candle	Wooden birdhouse	Fishing rod	Mushroom streetlight	Town streetlight	Harbor streetlight	Chic streetlight	Double streetlight	Desk light	Luxury lamp	Fluorescent light	Berry hanging lamp	Wing Fossil (right wing)	Wing Fossil (left wing)	Wing fossil (body)	Wing Fossil (tail)	Headbutt Fossil (body)	Headbutt Fossil (tail)	Shield Fossil (body)	Shield Fossil (tail)	Despot Fossil (body)	Despot Fossil (legs)	Despot Fossil (tail)	Tundra Fossil (body)	Tundra Fossil (tail)	Wire	Metal chain	Rope	Broken streetlight	Inflatable Sudowoodo	Telescope
Soft stuff	Squishy clay	Fluff	Straw stool	Berry chair	Simple cushion	Plain stool	Resort stool	Stylish stool	Soft seat	Box Sofa	Plain chair	Resort chair	Chic chair	Fancy chair	Antique chair	Office chair	Cute chair	Pop art chair	Gaming chair	Plain sofa	Resort sofa	Chic sofa	Antique sofa	Luxury sofa	Cute sofa	Pop art sofa	Pikachu sofa	Log Bed	Mini plain bed	Resort bed	Iron bed	Beach chair	Straw bed	Pop art bed	Poké Ball bed	Berry bed	Wooden Bed	Plain bed	Resort hammock	Guest-room bed	Antique bed	Industrial bed	Luxury bed	Cute bed	Gaming bed	Naptime bed	Towel rack	Knitting supplies	Eevee doll	Pikachu doll	Clefairy doll	Dragonite doll	Ditto doll	Substitute doll	Soft Sand	Light Clay	Cotton Spores	Flower cushion	Flowery table setting	Flower garland	Flower backpack	Camping chair	Sleeping bag	Adventure kit	Starry-sky bed
Spinning stuff	Fancy chair	Office chair	Gaming chair	Fan	Pinwheels	Ceiling fan	Castform weather charm	Weather vane	Small stage	Large ventilation fan	Model planet
Spooky stuff	Luxury chair	Pitcher-plant pot	Munna bank	Boo-in-the-box	Mysterious statue	Slender candle	Eerie candle	Gravestone	Mushroom streetlight	Spell Tag
Stone stuff	Stone	Stone bench	Luxury bed	Small vase	Pitcher-plant pot	Extravagant flowers	Tall potted plant	Munna bank	Pencil holder	Stone fireplace	Toilet	Sink	Bathtub	Gold Teeth	Big Nugget	Mysterious statue	Fiery Magby statue	Gym emblem statue	Spacesuit	Model space shuttle	Spaceship	Decorative storage shelf	Campfire	Slender candle	Eerie candle	Wall torch	Firepit	Concrete pipe	Garden ornament	Horsea fountain	Signpost	Information board	Ditto Flag	Sprinkler	Stone tiling (wallpaper)	Stone flooring (wallpaper)	Stone brick wall (wallpaper)	Light Clay	Stone brick wall	Stone pillar (upper)	Stone pillar (middle)	Stone pillar (lower)	Stone flooring	Stone tiling	Stone steps	Stone hipped roof	Stone roof valley	Stone roof decoration	Stone debris	Metal Debris	Jewel wall decoration	Treasure
Strange stuff	Armor fragment	Polygonal Shelf	Wall mirror	Large mirror	Luxury dresser	Cute dresser	Wiggly mirror	CD rack	Modern sink	Cooking stove	Microwave oven	Refrigerator	Air conditioner	Printer	Washing machine	Toilet	Sink	Shower	Bathtub	Bouncy blue bathtub	Alarm Clock	Humidifier	Funky diffuser	Crystal ball	Microscope	Standing mic	Cool electric guitar	Cool bass guitar	Audio mixer	Gold Teeth	Repel	Boo-in-the-box	Wobbuffet Wobbler	Auspicious Armor	Malicious Armor	Clear Bell	Tidal Bell	Mysterious statue	Fiery Magby statue	Decorative storage shelf	Rowlet clock	Hanging scroll	Ceiling fan	Castform weather charm	Bike	Gravestone	Cannon	Bell	Small stage	Horsea fountain	Excavation tools	Large ventilation fan	Cash register	Sprinkler	Mini generator	Card reader	Poké Ball lamp	Music mat (low do)	Music mat (Re)	Music mat (Mi)	Music mat (Fa)	Music mat (Sol)	Music mat (La)	Music mat (Ti)	Music mat (High do)	Large Lost Relic	Small Lost Relic	Twisted Spoon	Town map	Skull Fossil	Armor Fossil	Jaw Fossil	Sail Fossil	Wing Fossil (head)	Wing Fossil (right wing)	Wing Fossil (left wing)	Wing fossil (body)	Wing Fossil (tail)	Headbutt Fossil (head)	Headbutt Fossil (body)	Headbutt Fossil (tail)	Shield Fossil (Head)	Shield Fossil (body)	Shield Fossil (tail)	Despot Fossil (head)	Despot Fossil (body)	Despot Fossil (legs)	Despot Fossil (tail)	Tundra Fossil (head)	Tundra Fossil (body)	Tundra Fossil (tail)	Inflatable Sudowoodo	Digital camera	Star-shaped Dresser	Telescope	Cloud cannon
Symbols	Mug	Sign	Signpost	Information board	Team Rocket Wall Hanging
Watching stuff	Wall mirror	Wiggly mirror	Small vase	Leafy plant	Pitcher-plant pot	Extravagant flowers	Tall potted plant	Flat-leaf plant	Twisted potted plant	Letter	Notepad	Book	Open Book	Papers	Newspaper	Photo frame	Wall photo frame	Corkboard	CD rack	Magazine rack	Mini bookcase	Bookcase	Television	Wall monitor	Pinwheels	Microscope	Wall Calendar	Rowlet clock	Berry wall decoration	Grubby newspaper	Bonfire	Blank canvas	Painting (landscape)	Painting (portrait)	Painting (still life)	Photo cutout board	Frame	Town map	Team Rocket Wall Hanging	Water pillar quarter	Flower garland	Inflatable Sudowoodo	Jewel wall decoration	Telescope	Moon clock	Star wall decoration
Wobbly stuff	Folding chair	Resort hammock	Balloons	Punching game	Wobbuffet Wobbler	Punching bag	Bell	Fishing rod	Silk Scarf	Lagging Tail	Inflatable Sudowoodo	Moon clock
Wooden stuff	Sturdy stick	Small log	Lumber	Storage box	Wall storage box	Big storage box	Plain chest	Office cabinet	Antique chest	Plain closet	Antique closet	Log table	Plain stand	Food counter	Plain table	Antique table	Study desk	Log chair	Plain stool	Resort stool	Stylish stool	Wooden stool	Plain chair	Resort chair	Chic chair	Plain sofa	Resort sofa	Chic sofa	Antique sofa	Log Bed	Mini plain bed	Guest-room bed	Wooden plate	CD rack	Magazine rack	Mini bookcase	Bookcase	Dining cabinet	Toy blocks	Wreath	Antique clock	Slide	Water basin	Arrow sign	Menu board	Sign	Worn wooden crate	Wooden crate	Barrel	Frame	Cutting board	Mushroom lamp	Stone fragments	Star closet
