0001	BulbasaurShinyShadowGO Premier Ball.png	Bulbasaur	198 - 251
348 - 414	GO Stardust icon.png3,000 + Bulbasaur Candy3	July 22, 2019
0002	IvysaurShadowGO Premier Ball.png	Ivysaur	316 - 383
549 - 631	GO Stardust icon.png3,000 + Bulbasaur Candy3	July 22, 2019
0003	VenusaurShadow	Venusaur	528 - 613
906 - 1010	GO Stardust icon.png3,000 + Bulbasaur Candy3	July 22, 2019
0004	CharmanderShinyShadowGO Premier Ball.png	Charmander	171 - 221
302 - 364	GO Stardust icon.png3,000 + Charmander Candy3	July 22, 2019
0005	CharmeleonShadowGO Premier Ball.png	Charmeleon	306 - 372
533 - 614	GO Stardust icon.png3,000 + Charmander Candy3	July 22, 2019
0006	CharizardShadow	Charizard	563 - 651
965 - 1073	GO Stardust icon.png3,000 + Charmander Candy3	July 22, 2019
0007	SquirtleShinyShadowGO Premier Ball.png	Squirtle	164 - 213
290 - 351	GO Stardust icon.png3,000 + Squirtle Candy3	July 22, 2019
0008	WartortleShadowGO Premier Ball.png	Wartortle	273 - 335
476 - 552	GO Stardust icon.png3,000 + Squirtle Candy3	July 22, 2019
0009	BlastoiseShadow	Blastoise	474 - 555
817 - 916	GO Stardust icon.png3,000 + Squirtle Candy3	July 22, 2019
0010	CaterpieShadowGO Premier Ball.png	Caterpie	68 - 102
127 - 169	GO Stardust icon.png1,000 + Caterpie Candy1	October 8, 2024
0011	MetapodShadow	Metapod	63 - 97
118 - 160	GO Stardust icon.png1,000 + Caterpie Candy1	October 8, 2024
0012	ButterfreeShadow	Butterfree	346 - 416
600 - 685	GO Stardust icon.png1,000 + Caterpie Candy1	October 8, 2024
0013	WeedleShadowGO Premier Ball.png	Weedle	68 - 102
127 - 169	GO Stardust icon.png1,000 + Weedle Candy1	October 17, 2019
0014	KakunaShadowGO Premier Ball.png	Kakuna	63 - 97
118 - 160	GO Stardust icon.png1,000 + Weedle Candy1	October 17, 2019
0015	BeedrillShadowGO Premier Ball.png	Beedrill	346 - 416
600 - 685	GO Stardust icon.png1,000 + Weedle Candy1	October 17, 2019
0016	PidgeyShadowGO Premier Ball.png	Pidgey	112 - 153
201 - 252	GO Stardust icon.png1,000 + Pidgey Candy1	March 27, 2024
0017	PidgeottoShadow	Pidgeotto	213 - 269
375 - 443	GO Stardust icon.png1,000 + Pidgey Candy1	March 27, 2024
0018	PidgeotShadow	Pidgeot	409 - 484
706 - 798	GO Stardust icon.png1,000 + Pidgey Candy1	March 27, 2024
0019	RattataShadowGO Premier Ball.png	Rattata	122 - 165
219 - 273	GO Stardust icon.png1,000 + Rattata Candy1	July 22, 2019
0019	RattataShadowGO Premier Ball.png	Rattata	122 - 165
219 - 273	GO Stardust icon.png1,000 + Rattata Candy1	April 3, 2022
0020	RaticateShadowGO Premier Ball.png	Raticate	322 - 390
560 - 643	GO Stardust icon.png1,000 + Rattata Candy1	July 22, 2019
0020	RaticateShadowGO Premier Ball.png	Raticate	317 - 384
551 - 633	GO Stardust icon.png1,000 + Rattata Candy1	April 3, 2022
0023	EkansShinyShadowGO Premier Ball.png	Ekans	160 - 209
285 - 344	GO Stardust icon.png3,000 + Ekans Candy3	June 10, 2020
0024	ArbokShadow	Arbok	362 - 433
626 - 713	GO Stardust icon.png3,000 + Ekans Candy3	June 10, 2020
0027	SandshrewShadowGO Premier Ball.png	Sandshrew	227 - 284
398 - 468	GO Stardust icon.png3,000 + Sandshrew Candy3	November 7, 2019
0027	SandshrewShadowGO Premier Ball.png	Sandshrew	233 - 291
409 - 480	GO Stardust icon.png3,000 + Sandshrew Candy3	April 3, 2022
0028	SandslashShadow	Sandslash	456 - 535
785 - 882	GO Stardust icon.png3,000 + Sandshrew Candy3	November 7, 2019
0028	SandslashShadow	Sandslash	468 - 548
805 - 903	GO Stardust icon.png3,000 + Sandshrew Candy3	April 3, 2022
0029	Nidoran♀ShinyShadowGO Premier Ball.png	Nidoran♀	138 - 184
246 - 303	GO Stardust icon.png3,000 + Nidoran♀ Candy3	February 3, 2020
0030	NidorinaShadowGO Premier Ball.png	Nidorina	236 - 295
414 - 486	GO Stardust icon.png3,000 + Nidoran♀ Candy3	June 10, 2020
0031	NidoqueenShadow	Nidoqueen	479 - 560
825 - 924	GO Stardust icon.png3,000 + Nidoran♀ Candy3	June 10, 2020
0032	Nidoran♂ShinyShadowGO Premier Ball.png	Nidoran♂	146 - 194
261 - 319	GO Stardust icon.png3,000 + Nidoran♂ Candy3	June 10, 2020
0033	NidorinoShadowGO Premier Ball.png	Nidorino	253 - 314
443 - 517	GO Stardust icon.png3,000 + Nidoran♂ Candy3	June 10, 2020
0034	NidokingShadow	Nidoking	495 - 578
852 - 953	GO Stardust icon.png3,000 + Nidoran♂ Candy3	June 10, 2020
0037	VulpixShadowGO Premier Ball.png	Vulpix	151 - 199
270 - 328	GO Stardust icon.png3,000 + Vulpix Candy3	February 3, 2020
0037	VulpixShadowGO Premier Ball.png	Vulpix	151 - 199
270 - 328	GO Stardust icon.png3,000 + Vulpix Candy3	October 26, 2023
0037	VulpixShadowGO Premier Ball.png	Vulpix	151 - 199
270 - 328	GO Stardust icon.png3,000 + Vulpix Candy3	February 1, 2023
0038	NinetalesShadowGO Premier Ball.png	Ninetales	436 - 513
752 - 846	GO Stardust icon.png3,000 + Vulpix Candy3	February 3, 2020
0038	NinetalesShadowGO Premier Ball.png	Ninetales	436 - 513
752 - 846	GO Stardust icon.png3,000 + Vulpix Candy3	October 26, 2023
0038	NinetalesShadow	Ninetales	436 - 513
752 - 846	GO Stardust icon.png3,000 + Vulpix Candy3	February 1, 2023
0041	ZubatShinyShadowGO Premier Ball.png	Zubat	109 - 150
197 - 247	GO Stardust icon.png1,000 + Zubat Candy1	July 22, 2019
0042	GolbatShadowGO Premier Ball.png	Golbat	373 - 445
646 - 734	GO Stardust icon.png1,000 + Zubat Candy1	July 22, 2019
0043	OddishShadowGO Premier Ball.png	Oddish	220 - 277
387 - 456	GO Stardust icon.png3,000 + Oddish Candy3	September 5, 2019
0044	GloomShadowGO Premier Ball.png	Gloom	312 - 378
543 - 624	GO Stardust icon.png3,000 + Oddish Candy3	September 5, 2019
0045	VileplumeShadow	Vileplume	494 - 577
850 - 950	GO Stardust icon.png3,000 + Oddish Candy3	September 5, 2019
0048	VenonatShinyShadowGO Premier Ball.png	Venonat	175 - 226
310 - 373	GO Stardust icon.png3,000 + Venonat Candy3	September 5, 2019
0049	VenomothShadowGO Premier Ball.png	Venomoth	395 - 469
682 - 773	GO Stardust icon.png3,000 + Venonat Candy3	September 5, 2019
0050	DiglettShadowGO Premier Ball.png	Diglett	110 - 152
200 - 251	GO Stardust icon.png3,000 + Diglett Candy3	October 12, 2020
0050	DiglettShadowGO Premier Ball.png	Diglett	112 - 153
201 - 253	GO Stardust icon.png3,000 + Diglett Candy3	November 14, 2022
0051	DugtrioShadow	Dugtrio	286 - 351
499 - 578	GO Stardust icon.png3,000 + Diglett Candy3	October 12, 2020
0051	DugtrioShadow	Dugtrio	355 - 427
616 - 704	GO Stardust icon.png3,000 + Diglett Candy3	November 14, 2022
0052	MeowthShinyShadowGO Premier Ball.png	Meowth	125 - 168
224 - 278	GO Stardust icon.png3,000 + Meowth Candy3	November 5, 2019
0053	PersianShadowGO Premier Ball.png	Persian	314 - 380
546 - 627	GO Stardust icon.png3,000 + Meowth Candy3	November 5, 2019
0054	PsyduckShadowGO Premier Ball.png	Psyduck	195 - 249
345 - 411	GO Stardust icon.png3,000 + Psyduck Candy3	September 5, 2019
0055	GolduckShadow	Golduck	471 - 552
811 - 910	GO Stardust icon.png3,000 + Psyduck Candy3	September 5, 2019
0056	MankeyShadowGO Premier Ball.png	Mankey	125 - 168
224 - 278	GO Stardust icon.png3,000 + Mankey Candy3	October 8, 2024
0057	PrimeapeShadow	Primeape	471 - 552
811 - 910	GO Stardust icon.png3,000 + Mankey Candy3	October 8, 2024
0058	GrowlitheShinyShadowGO Premier Ball.png	Growlithe	223 - 280
391 - 461	GO Stardust icon.png3,000 + Growlithe Candy3	September 5, 2019
0059	ArcanineShadow	Arcanine	592 - 683
1015 - 1125	GO Stardust icon.png3,000 + Growlithe Candy3	September 5, 2019
0060	PoliwagShinyShadowGO Premier Ball.png	Poliwag	141 - 186
251 - 307	GO Stardust icon.png3,000 + Poliwag Candy3	August 1, 2019
0061	PoliwhirlShadow	Poliwhirl	259 - 319
452 - 527	GO Stardust icon.png3,000 + Poliwag Candy3	August 1, 2019
0062	PoliwrathShadow	Poliwrath	500 - 583
859 - 960	GO Stardust icon.png3,000 + Poliwag Candy3	August 1, 2019
0063	AbraShadowGO Premier Ball.png	Abra	239 - 302
421 - 498	GO Stardust icon.png3,000 + Abra Candy3	September 5, 2019
0064	KadabraShadow	Kadabra	387 - 464
670 - 765	GO Stardust icon.png3,000 + Abra Candy3	September 5, 2019
0065	AlakazamShadow	Alakazam	595 - 689
1021 - 1135	GO Stardust icon.png3,000 + Abra Candy3	September 5, 2019
0066	MachopShinyShadowGO Premier Ball.png	Machop	229 - 288
402 - 474	GO Stardust icon.png3,000 + Machop Candy3	June 10, 2020
0067	MachokeShadow	Machoke	384 - 457
664 - 754	GO Stardust icon.png3,000 + Machop Candy3	June 10, 2020
0068	MachampShadow	Machamp	597 - 689
1024 - 1135	GO Stardust icon.png3,000 + Machop Candy3	June 10, 2020
0069	BellsproutShinyShadowGO Premier Ball.png	Bellsprout	178 - 233
317 - 384	GO Stardust icon.png3,000 + Bellsprout Candy3	November 7, 2019
0070	WeepinbellShadowGO Premier Ball.png	Weepinbell	296 - 363
517 - 598	GO Stardust icon.png3,000 + Bellsprout Candy3	November 7, 2019
0071	VictreebelShadow	Victreebel	466 - 548
803 - 903	GO Stardust icon.png3,000 + Bellsprout Candy3	November 7, 2019
0072	TentacoolShinyShadowGO Premier Ball.png	Tentacool	182 - 234
322 - 386	GO Stardust icon.png3,000 + Tentacool Candy3	January 27, 2024
0073	TentacruelShadow	Tentacruel	465 - 546
801 - 899	GO Stardust icon.png3,000 + Tentacool Candy3	January 27, 2024
0074	GeodudeShinyShadowGO Premier Ball.png	Geodude	233 - 291
409 - 480	GO Stardust icon.png1,000 + Geodude Candy1	July 9, 2022
0074	GeodudeShadowGO Premier Ball.png	Geodude	233 - 291
409 - 480	GO Stardust icon.png1,000 + Geodude Candy1	June 21, 2023
0075	GravelerShadowGO Premier Ball.png	Graveler	357 - 427
618 - 705	GO Stardust icon.png1,000 + Geodude Candy1	July 9, 2022
0075	GravelerShadow	Graveler	357 - 427
618 - 705	GO Stardust icon.png1,000 + Geodude Candy1	June 21, 2023
0076	GolemShadow	Golem	576 - 664
987 - 1095	GO Stardust icon.png1,000 + Geodude Candy1	July 9, 2022
0076	GolemShadow	Golem	576 - 664
987 - 1095	GO Stardust icon.png1,000 + Geodude Candy1	June 21, 2023
0079	SlowpokeShadowGO Premier Ball.png	Slowpoke	218 - 276
384 - 455	GO Stardust icon.png3,000 + Slowpoke Candy3	October 12, 2020
0080	SlowbroShadow	Slowbro	491 - 573
844 - 945	GO Stardust icon.png3,000 + Slowpoke Candy3	October 12, 2020
0081	MagnemiteShinyShadowGO Premier Ball.png	Magnemite	246 - 307
431 - 506	GO Stardust icon.png3,000 + Magnemite Candy3	November 7, 2019
0082	MagnetonShadowGO Premier Ball.png	Magneton	477 - 560
822 - 923	GO Stardust icon.png3,000 + Magnemite Candy3	November 7, 2019
0088	GrimerShinyShadowGO Premier Ball.png	Grimer	248 - 309
435 - 510	GO Stardust icon.png3,000 + Grimer Candy3	August 1, 2019
0088	GrimerShinyShadowGO Premier Ball.png	Grimer	248 - 309
435 - 510	GO Stardust icon.png3,000 + Grimer Candy3	March 25, 2023
0089	MukShadowGO Premier Ball.png	Muk	535 - 621
919 - 1024	GO Stardust icon.png3,000 + Grimer Candy3	August 1, 2019
0089	MukShadow	Muk	535 - 621
919 - 1024	GO Stardust icon.png3,000 + Grimer Candy3	March 25, 2023
0090	ShellderShadowGO Premier Ball.png	Shellder	190 - 243
336 - 401	GO Stardust icon.png3,000 + Shellder Candy3	October 12, 2020
0091	CloysterShadowGO Premier Ball.png	Cloyster	490 - 574
844 - 946	GO Stardust icon.png3,000 + Shellder Candy3	October 12, 2020
0092	GastlyShadowGO Premier Ball.png	Gastly	216 - 277
382 - 456	GO Stardust icon.png3,000 + Gastly Candy3	October 26, 2023
0093	HaunterShadow	Haunter	367 - 442
637 - 729	GO Stardust icon.png3,000 + Gastly Candy3	October 26, 2023
0094	GengarShadow	Gengar	558 - 648
958 - 1069	GO Stardust icon.png3,000 + Gastly Candy3	October 26, 2023
0095	OnixShadowGO Premier Ball.png	Onix	192 - 248
340 - 409	GO Stardust icon.png5,000 + Onix Candy5	November 14, 2022
0096	DrowzeeShinyShadowGO Premier Ball.png	Drowzee	181 - 234
321 - 386	GO Stardust icon.png3,000 + Drowzee Candy3	August 1, 2019
0097	HypnoShadowGO Premier Ball.png	Hypno	396 - 471
685 - 776	GO Stardust icon.png3,000 + Drowzee Candy3	August 1, 2019
0100	VoltorbShadowGO Premier Ball.png	Voltorb	177 - 227
313 - 375	GO Stardust icon.png3,000 + Voltorb Candy3	January 24, 2022
0101	ElectrodeShadowGO Premier Ball.png	Electrode	398 - 473
688 - 779	GO Stardust icon.png3,000 + Voltorb Candy3	January 24, 2022
0102	ExeggcuteShinyShadowGO Premier Ball.png	Exeggcute	209 - 265
368 - 436	GO Stardust icon.png3,000 + Exeggcute Candy3	February 3, 2020
0103	ExeggutorShadow	Exeggutor	588 - 679
1008 - 1119	GO Stardust icon.png3,000 + Exeggcute Candy3	February 3, 2020
0103	ExeggutorShadowGO Premier Ball.png	Exeggutor	588 - 679
1009 - 1119	GO Stardust icon.png3,000 + Exeggcute Candy3	April 3, 2022
0104	CuboneShinyShadowGO Premier Ball.png	Cubone	177 - 229
315 - 378	GO Stardust icon.png3,000 + Cubone Candy3	August 1, 2019
0105	MarowakShadow	Marowak	344 - 413
596 - 681	GO Stardust icon.png3,000 + Cubone Candy3	August 1, 2019
0105	MarowakShadowGO Premier Ball.png	Marowak	344 - 413
596 - 681	GO Stardust icon.png3,000 + Cubone Candy3	May 25, 2022
0106	HitmonleeShadowGO Premier Ball.png	Hitmonlee	496 - 580
854 - 957	GO Stardust icon.png5,000 + Tyrogue Candy5	November 7, 2019
0107	HitmonchanShadowGO Premier Ball.png	Hitmonchan	446 - 525
769 - 866	GO Stardust icon.png5,000 + Tyrogue Candy5	September 5, 2019
0109	KoffingShinyShadowGO Premier Ball.png	Koffing	217 - 273
382 - 451	GO Stardust icon.png3,000 + Koffing Candy3	June 10, 2020
0110	WeezingShadowGO Premier Ball.png	Weezing	439 - 516
756 - 851	GO Stardust icon.png3,000 + Koffing Candy3	June 10, 2020
0110	WeezingShadow	Weezing	439 - 516
756 - 851	GO Stardust icon.png3,000 + Koffing Candy3	September 26, 2024
0111	RhyhornShadowGO Premier Ball.png	Rhyhorn	306 - 372
532 - 613	GO Stardust icon.png3,000 + Rhyhorn Candy3	October 26, 2023
0112	RhydonShadow	Rhydon	623 - 716
1067 - 1181	GO Stardust icon.png3,000 + Rhyhorn Candy3	October 26, 2023
0114	TangelaShadowGO Premier Ball.png	Tangela	427 - 504
737 - 831	GO Stardust icon.png3,000 + Tangela Candy3	May 18, 2021
0116	HorseaShadowGO Premier Ball.png	Horsea	186 - 238
328 - 392	GO Stardust icon.png3,000 + Horsea Candy3	May 18, 2021
0117	SeadraShadow	Seadra	397 - 471
686 - 777	GO Stardust icon.png3,000 + Horsea Candy3	May 18, 2021
0123	ScytherShinyShadowGO Premier Ball.png	Scyther	524 - 610
901 - 1005	GO Stardust icon.png5,000 + Scyther Candy5	August 1, 2019
0125	ElectabuzzShadowGO Premier Ball.png	Electabuzz	447 - 526
770 - 867	GO Stardust icon.png5,000 + Electabuzz Candy5	October 17, 2019
0126	MagmarShadowGO Premier Ball.png	Magmar	459 - 539
791 - 889	GO Stardust icon.png5,000 + Magmar Candy5	October 17, 2019
0127	PinsirShinyShadowGO Premier Ball.png	Pinsir	577 - 667
989 - 1099	GO Stardust icon.png5,000 + Pinsir Candy5	February 3, 2020
0129	MagikarpShadowGO Premier Ball.png	Magikarp	34 - 61
68 - 102	GO Stardust icon.png1,000 + Magikarp Candy1	August 1, 2019
0130	GyaradosShadow	Gyarados	668 - 764
1143 - 1259	GO Stardust icon.png1,000 + Magikarp Candy1	August 1, 2019
0131	LaprasShinyShadowGO Premier Ball.png	Lapras	510 - 595
876 - 981	GO Stardust icon.png5,000 + Lapras Candy5	October 17, 2019
0137	PorygonShadowGO Premier Ball.png	Porygon	320 - 387
556 - 639	GO Stardust icon.png3,000 + Porygon Candy3	November 7, 2019
0138	OmanyteShinyShadowGO Premier Ball.png	Omanyte	284 - 348
495 - 573	GO Stardust icon.png5,000 + Omanyte Candy5	February 3, 2020
0139	OmastarShadow	Omastar	541 - 628
929 - 1035	GO Stardust icon.png5,000 + Omanyte Candy5	February 3, 2020
0142	AerodactylShinyShadowGO Premier Ball.png	Aerodactyl	540 - 627
928 - 1034	GO Stardust icon.png5,000 + Aerodactyl Candy5	October 12, 2020
0143	SnorlaxShadowGO Premier Ball.png	Snorlax	631 - 727
1081 - 1198	GO Stardust icon.png5,000 + Snorlax Candy5	July 22, 2019
0143	SnorlaxShadowGO Premier Ball.png	Snorlax	631 - 727
1081 - 1198	GO Stardust icon.png5,000 + Snorlax Candy5	Unknown
0144	ArticunoShinyShadowGO Premier Ball.png	Articuno	597 - 688
1023 - 1133	GO Stardust icon.png20,000 + Articuno Candy20	November 5, 2019
0145	ZapdosShinyShadowGO Premier Ball.png	Zapdos	697 - 795
1190 - 1310	GO Stardust icon.png20,000 + Zapdos Candy20	December 1, 2019
0146	MoltresShinyShadowGO Premier Ball.png	Moltres	684 - 781
1168 - 1287	GO Stardust icon.png20,000 + Moltres Candy20	January 1, 2020
0147	DratiniShinyShadowGO Premier Ball.png	Dratini	175 - 226
310 - 373	GO Stardust icon.png5,000 + Dratini Candy5	July 22, 2019
0148	DragonairShadow	Dragonair	333 - 401
577 - 661	GO Stardust icon.png5,000 + Dratini Candy5	July 22, 2019
0149	DragoniteShadow	Dragonite	753 - 855
1284 - 1408	GO Stardust icon.png5,000 + Dratini Candy5	July 22, 2019
0150	MewtwoShinyShadowGO Premier Ball.png	Mewtwo	833 - 942
1420 - 1552	GO Stardust icon.png20,000 + Mewtwo Candy20	June 26, 2020
0152	ChikoritaShadowGO Premier Ball.png	Chikorita	161 - 210
287 - 347	GO Stardust icon.png3,000 + Chikorita Candy3	January 24, 2022
0153	BayleefShadowGO Premier Ball.png	Bayleef	266 - 327
464 - 540	GO Stardust icon.png3,000 + Chikorita Candy3	January 24, 2022
0154	MeganiumShadow	Meganium	463 - 543
797 - 895	GO Stardust icon.png3,000 + Chikorita Candy3	January 24, 2022
0155	CyndaquilShadowGO Premier Ball.png	Cyndaquil	171 - 221
302 - 364	GO Stardust icon.png3,000 + Cyndaquil Candy3	January 24, 2022
0156	QuilavaShadowGO Premier Ball.png	Quilava	306 - 372
533 - 614	GO Stardust icon.png3,000 + Cyndaquil Candy3	January 24, 2022
0157	TyphlosionShadow	Typhlosion	563 - 651
965 - 1073	GO Stardust icon.png3,000 + Cyndaquil Candy3	January 24, 2022
0158	TotodileShadowGO Premier Ball.png	Totodile	201 - 255
354 - 420	GO Stardust icon.png3,000 + Totodile Candy3	January 24, 2022
0159	CroconawShadowGO Premier Ball.png	Croconaw	321 - 388
557 - 639	GO Stardust icon.png3,000 + Totodile Candy3	January 24, 2022
0160	FeraligatrShadow	Feraligatr	556 - 644
954 - 1061	GO Stardust icon.png3,000 + Totodile Candy3	January 24, 2022
0165	LedybaShadowGO Premier Ball.png	Ledyba	120 - 164
216 - 270	GO Stardust icon.png1,000 + Ledyba Candy1	June 21, 2023
0166	LedianShadow	Ledian	243 - 303
426 - 500	GO Stardust icon.png1,000 + Ledyba Candy1	June 21, 2023
0169	CrobatShadow	Crobat	512 - 596
880 - 983	GO Stardust icon.png1,000 + Zubat Candy1	July 22, 2019
0177	NatuShadowGO Premier Ball.png	Natu	194 - 248
343 - 409	GO Stardust icon.png3,000 + Natu Candy3	November 14, 2022
0178	XatuShadow	Xatu	417 - 493
719 - 813	GO Stardust icon.png3,000 + Natu Candy3	November 14, 2022
0179	MareepShadowGO Premier Ball.png	Mareep	172 - 223
305 - 368	GO Stardust icon.png5,000 + Mareep Candy5	October 17, 2019
0180	FlaaffyShadow	Flaaffy	279 - 343
487 - 565	GO Stardust icon.png5,000 + Mareep Candy5	October 17, 2019
0181	AmpharosShadow	Ampharos	555 - 643
953 - 1059	GO Stardust icon.png5,000 + Mareep Candy5	October 17, 2019
0182	BellossomShadow	Bellossom	436 - 514
752 - 847	GO Stardust icon.png3,000 + Oddish Candy3	September 5, 2019
0185	SudowoodoShadowGO Premier Ball.png	Sudowoodo	409 - 484
706 - 798	GO Stardust icon.png5,000 + Sudowoodo Candy5	April 3, 2022
0186	PolitoedShinyShadow	Politoed	471 - 552
811 - 910	GO Stardust icon.png3,000 + Poliwag Candy3	August 1, 2019
0187	HoppipShadowGO Premier Ball.png	Hoppip	96 - 135
174 - 222	GO Stardust icon.png3,000 + Hoppip Candy3	October 12, 2020
0188	SkiploomShadowGO Premier Ball.png	Skiploom	169 - 220
300 - 362	GO Stardust icon.png3,000 + Hoppip Candy3	October 12, 2020
0189	JumpluffShadow	Jumpluff	302 - 368
526 - 607	GO Stardust icon.png3,000 + Hoppip Candy3	October 12, 2020
0190	AipomShinyShadowGO Premier Ball.png	Aipom	244 - 304
428 - 500	GO Stardust icon.png3,000 + Aipom Candy3	April 1, 2021
0194	WooperShadowGO Premier Ball.png	Wooper	103 - 144
187 - 238	GO Stardust icon.png3,000 + Wooper Candy3	December 10, 2020
0195	QuagsireShadow	Quagsire	376 - 449
650 - 740	GO Stardust icon.png3,000 + Wooper Candy3	December 10, 2020
0198	MurkrowShinyShadowGO Premier Ball.png	Murkrow	286 - 352
499 - 580	GO Stardust icon.png3,000 + Murkrow Candy3	May 18, 2021
0199	SlowkingShadow	Slowking	491 - 573
844 - 945	GO Stardust icon.png3,000 + Slowpoke Candy3	October 12, 2020
0200	MisdreavusShadowGO Premier Ball.png	Misdreavus	363 - 434
628 - 715	GO Stardust icon.png3,000 + Misdreavus Candy3	November 7, 2019
0202	WobbuffetShadowGO Premier Ball.png	Wobbuffet	169 - 231
305 - 381	GO Stardust icon.png3,000 + Wobbuffet Candy3	November 7, 2019
0203	GirafarigShadowGO Premier Ball.png	Girafarig	387 - 461
670 - 760	GO Stardust icon.png3,000 + Girafarig Candy3	April 3, 2022
0204	PinecoShinyShadowGO Premier Ball.png	Pineco	196 - 249
346 - 411	GO Stardust icon.png5,000 + Pineco Candy5	June 10, 2020
0205	ForretressShadow	Forretress	436 - 514
752 - 847	GO Stardust icon.png5,000 + Pineco Candy5	June 10, 2020
0207	GligarShinyShadowGO Premier Ball.png	Gligar	348 - 418
604 - 689	GO Stardust icon.png5,000 + Gligar Candy5	June 10, 2020
0208	SteelixShadow	Steelix	462 - 544
796 - 896	GO Stardust icon.png5,000 + Onix Candy5	November 14, 2022
0209	SnubbullShadowGO Premier Ball.png	Snubbull	221 - 279
389 - 459	GO Stardust icon.png3,000 + Snubbull Candy3	May 18, 2021
0210	GranbullShadow	Granbull	491 - 575
845 - 948	GO Stardust icon.png3,000 + Snubbull Candy3	May 18, 2021
0212	ScizorShadowGO Premier Ball.png	Scizor	586 - 676
1004 - 1114	GO Stardust icon.png5,000 + Scyther Candy5	August 1, 2019
0213	ShuckleShadowGO Premier Ball.png	Shuckle	43 - 91
91 - 150	GO Stardust icon.png3,000 + Shuckle Candy3	June 10, 2020
0215	SneaselShinyShadowGO Premier Ball.png	Sneasel	388 - 462
671 - 762	GO Stardust icon.png3,000 + Sneasel Candy3	November 5, 2019
0215	SneaselShadowGO Premier Ball.png	Sneasel	388 - 462
671 - 762	GO Stardust icon.png3,000 + Sneasel Candy3	October 26, 2023
0216	TeddiursaShinyShadowGO Premier Ball.png	Teddiursa	240 - 299
420 - 493	GO Stardust icon.png3,000 + Teddiursa Candy3	October 12, 2020
0217	UrsaringShadow	Ursaring	573 - 663
984 - 1094	GO Stardust icon.png3,000 + Teddiursa Candy3	October 12, 2020
0220	SwinubShadowGO Premier Ball.png	Swinub	123 - 167
221 - 275	GO Stardust icon.png3,000 + Swinub Candy3	February 2, 2021
0221	PiloswineShadow	Piloswine	449 - 528
774 - 871	GO Stardust icon.png3,000 + Swinub Candy3	February 2, 2021
0225	DelibirdShadowGO Premier Ball.png	Delibird	193 - 246
341 - 406	GO Stardust icon.png5,000 + Delibird Candy5	December 24, 2019
0227	SkarmoryShadowGO Premier Ball.png	Skarmory	399 - 475
691 - 783	GO Stardust icon.png5,000 + Skarmory Candy5	October 12, 2020
0228	HoundourShadowGO Premier Ball.png	Houndour	220 - 278
387 - 458	GO Stardust icon.png3,000 + Houndour Candy3	August 1, 2019
0229	HoundoomShadowGO Premier Ball.png	Houndoom	509 - 594
875 - 978	GO Stardust icon.png3,000 + Houndour Candy3	August 1, 2019
0230	KingdraShadow	Kingdra	511 - 595
879 - 981	GO Stardust icon.png3,000 + Horsea Candy3	May 18, 2021
0231	PhanpyShadowGO Premier Ball.png	Phanpy	214 - 272
377 - 448	GO Stardust icon.png3,000 + Phanpy Candy3	March 25, 2023
0232	DonphanShadow	Donphan	589 - 679
1010 - 1119	GO Stardust icon.png3,000 + Phanpy Candy3	March 25, 2023
0233	Porygon2Shadow	Porygon2	526 - 611
903 - 1007	GO Stardust icon.png3,000 + Porygon Candy3	November 7, 2019
0234	StantlerShinyShadowGO Premier Ball.png	Stantler	411 - 487
710 - 804	GO Stardust icon.png3,000 + Stantler Candy3	December 24, 2019
0237	HitmontopShadowGO Premier Ball.png	Hitmontop	410 - 486
708 - 801	GO Stardust icon.png5,000 + Tyrogue Candy5	June 21, 2023
0243	RaikouShinyShadowGO Premier Ball.png	Raikou	681 - 778
1164 - 1282	GO Stardust icon.png20,000 + Raikou Candy20	February 1, 2020
0244	EnteiShinyShadowGO Premier Ball.png	Entei	685 - 782
1171 - 1290	GO Stardust icon.png20,000 + Entei Candy20	March 1, 2020
0245	SuicuneShinyShadowGO Premier Ball.png	Suicune	582 - 672
998 - 1108	GO Stardust icon.png20,000 + Suicune Candy20	June 10, 2020
0246	LarvitarShinyShadowGO Premier Ball.png	Larvitar	182 - 234
322 - 386	GO Stardust icon.png5,000 + Larvitar Candy5	September 5, 2019
0247	PupitarShadowGO Premier Ball.png	Pupitar	330 - 398
572 - 656	GO Stardust icon.png5,000 + Larvitar Candy5	September 5, 2019
0248	TyranitarShadow	Tyranitar	762 - 864
1300 - 1424	GO Stardust icon.png5,000 + Larvitar Candy5	September 5, 2019
0249	LugiaShinyShadowGO Premier Ball.png	Lugia	733 - 834
1252 - 1375	GO Stardust icon.png20,000 + Lugia Candy20	November 9, 2021
0249	LugiaShadowGO Premier Ball.png	Lugia	733 - 834
1252 - 1375	GO Stardust icon.png5,000 + Lugia Candy5	March 26, 2022
0250	Ho-OhShinyShadowGO Premier Ball.png	Ho-Oh	768 - 870
1310 - 1435	GO Stardust icon.png20,000 + Ho-Oh Candy20	June 17, 2021
0250	Ho-OhShadowGO Premier Ball.png	Ho-Oh	768 - 870
1310 - 1435	GO Stardust icon.png5,000 + Ho-Oh Candy5	Februrary 26, 2022
0252	TreeckoShadowGO Premier Ball.png	Treecko	185 - 237
327 - 391	GO Stardust icon.png3,000 + Treecko Candy3	March 25, 2023
0253	GrovyleShadow	Grovyle	310 - 377
539 - 621	GO Stardust icon.png3,000 + Treecko Candy3	March 25, 2023
0254	SceptileShadow	Sceptile	535 - 621
919 - 1024	GO Stardust icon.png3,000 + Treecko Candy3	March 25, 2023
0255	TorchicShadowGO Premier Ball.png	Torchic	193 - 246
340 - 406	GO Stardust icon.png3,000 + Torchic Candy3	March 25, 2023
0256	CombuskenShadow	Combusken	306 - 372
532 - 613	GO Stardust icon.png3,000 + Torchic Candy3	March 25, 2023
0257	BlazikenShadow	Blaziken	553 - 642
949 - 1058	GO Stardust icon.png3,000 + Torchic Candy3	March 25, 2023
0258	MudkipShadowGO Premier Ball.png	Mudkip	200 - 254
352 - 419	GO Stardust icon.png3,000 + Mudkip Candy3	July 22, 2019
0259	MarshtompShadowGO Premier Ball.png	Marshtomp	332 - 400
576 - 660	GO Stardust icon.png3,000 + Mudkip Candy3	July 22, 2019
0260	SwampertShadow	Swampert	581 - 670
995 - 1104	GO Stardust icon.png3,000 + Mudkip Candy3	July 22, 2019
0261	PoochyenaShadowGO Premier Ball.png	Poochyena	111 - 152
200 - 252	GO Stardust icon.png1,000 + Poochyena Candy1	May 18, 2021
0262	MightyenaShadowGO Premier Ball.png	Mightyena	362 - 434
628 - 715	GO Stardust icon.png1,000 + Poochyena Candy1	May 18, 2021
0263	ZigzagoonShinyShadowGO Premier Ball.png	Zigzagoon	78 - 114
144 - 188	GO Stardust icon.png3,000 + Zigzagoon Candy3	October 8, 2024
0264	LinooneShadow	Linoone	308 - 374
536 - 617	GO Stardust icon.png3,000 + Zigzagoon Candy3	October 8, 2024
0273	SeedotShinyShadowGO Premier Ball.png	Seedot	96 - 134
174 - 222	GO Stardust icon.png3,000 + Seedot Candy3	October 17, 2019
0274	NuzleafShadowGO Premier Ball.png	Nuzleaf	218 - 276
384 - 455	GO Stardust icon.png3,000 + Seedot Candy3	October 17, 2019
0275	ShiftryShadow	Shiftry	445 - 526
768 - 866	GO Stardust icon.png3,000 + Seedot Candy3	October 17, 2019
0276	TaillowShadowGO Premier Ball.png	Taillow	194 - 248
343 - 409	GO Stardust icon.png1,000 + Taillow Candy1	January 15, 2025
0277	SwellowShadow	Swellow	417 - 493
719 - 813	GO Stardust icon.png1,000 + Taillow Candy1	January 15, 2025
0280	RaltsShinyShadowGO Premier Ball.png	Ralts	85 - 121
155 - 200	GO Stardust icon.png5,000 + Ralts Candy5	August 8, 2019
0281	KirliaShadow	Kirlia	168 - 217
298 - 359	GO Stardust icon.png5,000 + Ralts Candy5	August 8, 2019
0282	GardevoirShadow	Gardevoir	605 - 697
1037 - 1149	GO Stardust icon.png5,000 + Ralts Candy5	August 8, 2019
0293	WhismurShadowGO Premier Ball.png	Whismur	106 - 151
194 - 249	GO Stardust icon.png1,000 + Whismur Candy1	January 24, 2022
0294	LoudredShadowGO Premier Ball.png	Loudred	238 - 299
418 - 493	GO Stardust icon.png1,000 + Whismur Candy1	January 24, 2022
0295	ExploudShadow	Exploud	449 - 529
774 - 872	GO Stardust icon.png1,000 + Whismur Candy1	January 24, 2022
0296	MakuhitaShadowGO Premier Ball.png	Makuhita	135 - 184
244 - 303	GO Stardust icon.png3,000 + Makuhita Candy3	May 18, 2021
0297	HariyamaShadow	Hariyama	546 - 637
939 - 1050	GO Stardust icon.png3,000 + Makuhita Candy3	May 18, 2021
0299	NosepassShadowGO Premier Ball.png	Nosepass	170 - 224
304 - 369	GO Stardust icon.png3,000 + Nosepass Candy3	February 2, 2021
0302	SableyeShinyShadowGO Premier Ball.png	Sableye	270 - 332
472 - 548	GO Stardust icon.png5,000 + Sableye Candy5	October 17, 2019
0303	MawileShinyShadowGO Premier Ball.png	Mawile	303 - 368
527 - 607	GO Stardust icon.png5,000 + Mawile Candy5	February 3, 2020
0304	AronShadowGO Premier Ball.png	Aron	236 - 294
414 - 485	GO Stardust icon.png1,000 + Aron Candy1	February 2, 2021
0305	LaironShadowGO Premier Ball.png	Lairon	389 - 463
673 - 763	GO Stardust icon.png1,000 + Aron Candy1	February 2, 2021
0306	AggronShadow	Aggron	586 - 676
1004 - 1114	GO Stardust icon.png1,000 + Aron Candy1	February 2, 2021
0309	ElectrikeShadowGO Premier Ball.png	Electrike	167 - 217
297 - 358	GO Stardust icon.png3,000 + Electrike Candy3	May 18, 2021
0310	ManectricShadowGO Premier Ball.png	Manectric	447 - 527
771 - 869	GO Stardust icon.png3,000 + Electrike Candy3	May 18, 2021
0318	CarvanhaShinyShadowGO Premier Ball.png	Carvanha	170 - 230
305 - 379	GO Stardust icon.png3,000 + Carvanha Candy3	February 3, 2020
0319	SharpedoShadow	Sharpedo	408 - 491
709 - 810	GO Stardust icon.png3,000 + Carvanha Candy3	February 3, 2020
0320	WailmerShadowGO Premier Ball.png	Wailmer	262 - 330
462 - 545	GO Stardust icon.png1,000 + Wailmer Candy1	November 14, 2022
0321	WailordShadow	Wailord	428 - 514
742 - 847	GO Stardust icon.png1,000 + Wailmer Candy1	November 14, 2022
0322	NumelShadowGO Premier Ball.png	Numel	185 - 238
327 - 393	GO Stardust icon.png3,000 + Numel Candy3	April 3, 2022
0323	CameruptShadow	Camerupt	417 - 494
721 - 814	GO Stardust icon.png3,000 + Numel Candy3	April 3, 2022
0325	SpoinkShadowGO Premier Ball.png	Spoink	242 - 300
423 - 495	GO Stardust icon.png1,000 + Spoink Candy1	February 1, 2023
0326	GrumpigShadow	Grumpig	455 - 534
783 - 880	GO Stardust icon.png1,000 + Spoink Candy1	February 1, 2023
0328	TrapinchShinyShadowGO Premier Ball.png	Trapinch	227 - 287
400 - 473	GO Stardust icon.png5,000 + Trapinch Candy5	October 17, 2019
0329	VibravaShadowGO Premier Ball.png	Vibrava	219 - 276
385 - 455	GO Stardust icon.png5,000 + Trapinch Candy5	October 17, 2019
0330	FlygonShadow	Flygon	515 - 599
885 - 988	GO Stardust icon.png5,000 + Trapinch Candy5	October 17, 2019
0331	CacneaShinyShadowGO Premier Ball.png	Cacnea	221 - 280
389 - 461	GO Stardust icon.png3,000 + Cacnea Candy3	October 17, 2019
0332	CacturneShadowGO Premier Ball.png	Cacturne	437 - 518
755 - 853	GO Stardust icon.png3,000 + Cacnea Candy3	October 17, 2019
0339	BarboachShadowGO Premier Ball.png	Barboach	138 - 184
247 - 304	GO Stardust icon.png1,000 + Barboach Candy1	October 26, 2023
0340	WhiscashShadow	Whiscash	392 - 467
679 - 771	GO Stardust icon.png1,000 + Barboach Candy1	October 26, 2023
0341	CorphishShadowGO Premier Ball.png	Corphish	220 - 277
387 - 457	GO Stardust icon.png3,000 + Corphish Candy3	January 27, 2024
0342	CrawdauntShadow	Crawdaunt	475 - 557
818 - 919	GO Stardust icon.png3,000 + Corphish Candy3	January 27, 2024
0345	LileepShinyShadowGO Premier Ball.png	Lileep	232 - 291
407 - 479	GO Stardust icon.png3,000 + Lileep Candy3	February 2, 2021
0346	CradilyShadow	Cradily	421 - 498
727 - 821	GO Stardust icon.png3,000 + Lileep Candy3	February 2, 2021
0347	AnorithShinyShadowGO Premier Ball.png	Anorith	280 - 344
489 - 568	GO Stardust icon.png3,000 + Anorith Candy3	February 2, 2021
0348	ArmaldoShadow	Armaldo	554 - 642
951 - 1058	GO Stardust icon.png3,000 + Anorith Candy3	February 2, 2021
0353	ShuppetShadowGO Premier Ball.png	Shuppet	176 - 229
313 - 378	GO Stardust icon.png3,000 + Shuppet Candy3	October 17, 2019
0354	BanetteShadow	Banette	438 - 518
756 - 854	GO Stardust icon.png3,000 + Shuppet Candy3	October 17, 2019
0355	DuskullShadowGO Premier Ball.png	Duskull	115 - 159
208 - 262	GO Stardust icon.png3,000 + Duskull Candy3	October 17, 2019
0356	DusclopsShadow	Dusclops	292 - 358
510 - 591	GO Stardust icon.png3,000 + Duskull Candy3	October 17, 2019
0359	AbsolShinyShadowGO Premier Ball.png	Absol	484 - 569
834 - 938	GO Stardust icon.png5,000 + Absol Candy5	December 24, 2019
0361	SnoruntShadowGO Premier Ball.png	Snorunt	152 - 200
271 - 330	GO Stardust icon.png5,000 + Snorunt Candy5	January 27, 2024
0362	GlalieShadow	Glalie	400 - 474
691 - 782	GO Stardust icon.png5,000 + Snorunt Candy5	January 27, 2024
0363	SphealShadowGO Premier Ball.png	Spheal	166 - 217
295 - 357	GO Stardust icon.png3,000 + Spheal Candy3	February 2, 2021
0364	SealeoShadowGO Premier Ball.png	Sealeo	318 - 386
554 - 637	GO Stardust icon.png3,000 + Spheal Candy3	February 2, 2021
0365	WalreinShadow	Walrein	528 - 614
908 - 1012	GO Stardust icon.png3,000 + Spheal Candy3	February 2, 2021
0371	BagonShinyShadowGO Premier Ball.png	Bagon	205 - 260
362 - 429	GO Stardust icon.png5,000 + Bagon Candy5	December 24, 2019
0372	ShelgonShadow	Shelgon	384 - 458
665 - 754	GO Stardust icon.png5,000 + Bagon Candy5	December 24, 2019
0373	SalamenceShadow	Salamence	742 - 845
1268 - 1392	GO Stardust icon.png5,000 + Bagon Candy5	December 24, 2019
0374	BeldumShinyShadowGO Premier Ball.png	Beldum	170 - 220
301 - 362	GO Stardust icon.png5,000 + Beldum Candy5	February 3, 2020
0375	MetangShadowGO Premier Ball.png	Metang	320 - 388
557 - 639	GO Stardust icon.png5,000 + Beldum Candy5	February 3, 2020
0376	MetagrossShadow	Metagross	753 - 854
1284 - 1408	GO Stardust icon.png5,000 + Beldum Candy5	February 3, 2020
0377	RegirockShinyShadowGO Premier Ball.png	Regirock	610 - 703
1046 - 1160	GO Stardust icon.png20,000 + Regirock Candy20	June 21, 2023
0378	RegiceShinyShadowGO Premier Ball.png	Regice	610 - 703
1046 - 1160	GO Stardust icon.png20,000 + Regice Candy20	March 25, 2023
0379	RegisteelShinyShadowGO Premier Ball.png	Registeel	468 - 551
807 - 909	GO Stardust icon.png20,000 + Registeel Candy20	February 1, 2023
0380	LatiasShadowGO Premier Ball.png	Latias	694 - 791
1185 - 1304	GO Stardust icon.png20,000 + Latias Candy20	April 3, 2022
0381	LatiosShadowGO Premier Ball.png	Latios	757 - 859
1291 - 1416	GO Stardust icon.png20,000 + Latios Candy20	July 9, 2022
0382	KyogreShadowGO Premier Ball.png	Kyogre	821 - 927
1399 - 1528	GO Stardust icon.png20,000 + Kyogre Candy20	January 27, 2024
0383	GroudonShadowGO Premier Ball.png	Groudon	821 - 927
1399 - 1528	GO Stardust icon.png20,000 + Groudon Candy20	March 27, 2024
0387	TurtwigShadowGO Premier Ball.png	Turtwig	212 - 267
373 - 441	GO Stardust icon.png3,000 + Turtwig Candy3	September 5, 2019
0388	GrotleShadow	Grotle	355 - 426
616 - 702	GO Stardust icon.png3,000 + Turtwig Candy3	September 5, 2019
0389	TorterraShadow	Torterra	573 - 661
982 - 1090	GO Stardust icon.png3,000 + Turtwig Candy3	September 5, 2019
0390	ChimcharShadowGO Premier Ball.png	Chimchar	166 - 215
294 - 355	GO Stardust icon.png3,000 + Chimchar Candy3	January 27, 2024
0391	MonfernoShadow	Monferno	290 - 355
505 - 584	GO Stardust icon.png3,000 + Chimchar Candy3	January 27, 2024
0392	InfernapeShadow	Infernape	519 - 604
892 - 996	GO Stardust icon.png3,000 + Chimchar Candy3	January 27, 2024
0393	PiplupShadowGO Premier Ball.png	Piplup	189 - 242
334 - 399	GO Stardust icon.png3,000 + Piplup Candy3	January 27, 2024
0394	PrinplupShadow	Prinplup	316 - 383
550 - 632	GO Stardust icon.png3,000 + Piplup Candy3	January 27, 2024
0395	EmpoleonShadow	Empoleon	566 - 653
970 - 1077	GO Stardust icon.png3,000 + Piplup Candy3	January 27, 2024
0396	StarlyShadowGO Premier Ball.png	Starly	118 - 162
213 - 267	GO Stardust icon.png1,000 + Starly Candy1	May 18, 2021
0397	StaraviaShadow	Staravia	234 - 292
410 - 482	GO Stardust icon.png1,000 + Starly Candy1	May 18, 2021
0398	StaraptorShadow	Staraptor	548 - 637
941 - 1049	GO Stardust icon.png1,000 + Starly Candy1	May 18, 2021
0399	BidoofShadowGO Premier Ball.png	Bidoof	119 - 162
214 - 268	GO Stardust icon.png1,000 + Bidoof Candy1	June 25, 2021
0400	BibarelShadowGO Premier Ball.png	Bibarel	341 - 411
591 - 677	GO Stardust icon.png1,000 + Bidoof Candy1	June 25, 2021
0403	ShinxShadowGO Premier Ball.png	Shinx	149 - 197
265 - 325	GO Stardust icon.png5,000 + Shinx Candy5	July 9, 2022
0403	ShinxShadowGO Premier Ball.png	Shinx	149 - 197
265 - 325	GO Stardust icon.png5,000 + Shinx Candy5	September 27, 2022
0404	LuxioShadow	Luxio	271 - 335
474 - 552	GO Stardust icon.png5,000 + Shinx Candy5	July 9, 2022
0405	LuxrayShadow	Luxray	562 - 651
964 - 1072	GO Stardust icon.png5,000 + Shinx Candy5	July 9, 2022
0408	CranidosShadowGO Premier Ball.png	Cranidos	334 - 410
583 - 676	GO Stardust icon.png5,000 + Cranidos Candy5	October 26, 2023
0409	RampardosShadow	Rampardos	641 - 743
1101 - 1225	GO Stardust icon.png5,000 + Cranidos Candy5	October 26, 2023
0410	ShieldonShadowGO Premier Ball.png	Shieldon	150 - 200
269 - 330	GO Stardust icon.png5,000 + Shieldon Candy5	October 26, 2023
0411	BastiodonShadow	Bastiodon	278 - 347
488 - 572	GO Stardust icon.png5,000 + Shieldon Candy5	October 26, 2023
0424	AmbipomShadow	Ambipom	464 - 545
799 - 898	GO Stardust icon.png3,000 + Aipom Candy3	April 1, 2021
0425	DrifloonShadowGO Premier Ball.png	Drifloon	211 - 269
373 - 444	GO Stardust icon.png5,000 + Drifloon Candy5	March 25, 2023
0426	DrifblimShadow	Drifblim	452 - 537
781 - 884	GO Stardust icon.png5,000 + Drifloon Candy5	March 25, 2023
0429	MismagiusShadowGO Premier Ball.png	Mismagius	505 - 589
869 - 971	GO Stardust icon.png3,000 + Misdreavus Candy3	November 7, 2019
0430	HonchkrowShadowGO Premier Ball.png	Honchkrow	520 - 611
897 - 1007	GO Stardust icon.png3,000 + Murkrow Candy3	May 18, 2021
0431	GlameowShadowGO Premier Ball.png	Glameow	161 - 210
286 - 347	GO Stardust icon.png3,000 + Glameow Candy3	June 21, 2023
0432	PuruglyShadow	Purugly	368 - 440
637 - 725	GO Stardust icon.png3,000 + Glameow Candy3	June 21, 2023
0434	StunkyShadowGO Premier Ball.png	Stunky	204 - 259
360 - 427	GO Stardust icon.png3,000 + Stunky Candy3	June 10, 2020
0435	SkuntankShadow	Skuntank	451 - 531
778 - 876	GO Stardust icon.png3,000 + Stunky Candy3	June 10, 2020
0443	GibleShadowGO Premier Ball.png	Gible	196 - 250
346 - 413	GO Stardust icon.png5,000 + Gible Candy5	June 21, 2023
0444	GabiteShadow	Gabite	351 - 422
610 - 696	GO Stardust icon.png5,000 + Gible Candy5	June 21, 2023
0445	GarchompShadow	Garchomp	789 - 893
1345 - 1471	GO Stardust icon.png5,000 + Gible Candy5	June 21, 2023
0449	HippopotasShadowGO Premier Ball.png	Hippopotas	246 - 306
431 - 504	GO Stardust icon.png3,000 + Hippopotas Candy3	January 24, 2022
0450	HippowdonShadow	Hippowdon	604 - 695
1035 - 1146	GO Stardust icon.png3,000 + Hippopotas Candy3	January 24, 2022
0451	SkorupiShinyShadowGO Premier Ball.png	Skorupi	176 - 227
312 - 375	GO Stardust icon.png5,000 + Skorupi Candy5	May 18, 2021
0452	DrapionShadow	Drapion	472 - 553
812 - 911	GO Stardust icon.png5,000 + Skorupi Candy5	May 18, 2021
0453	CroagunkShadowGO Premier Ball.png	Croagunk	164 - 214
292 - 353	GO Stardust icon.png3,000 + Croagunk Candy3	January 27, 2024
0454	ToxicroakShadow	Toxicroak	478 - 560
823 - 924	GO Stardust icon.png3,000 + Croagunk Candy3	January 27, 2024
0459	SnoverShadowGO Premier Ball.png	Snover	206 - 261
363 - 430	GO Stardust icon.png3,000 + Snover Candy3	December 24, 2019
0460	AbomasnowShadow	Abomasnow	453 - 532
780 - 877	GO Stardust icon.png3,000 + Snover Candy3	December 24, 2019
0461	WeavileShadow	Weavile	586 - 677
1005 - 1116	GO Stardust icon.png3,000 + Sneasel Candy3	November 5, 2019
0462	MagnezoneShadow	Magnezone	629 - 722
1076 - 1190	GO Stardust icon.png3,000 + Magnemite Candy3	November 7, 2019
0464	RhyperiorShadow	Rhyperior	741 - 841
1264 - 1387	GO Stardust icon.png3,000 + Rhyhorn Candy3	October 26, 2023
0465	TangrowthShadow	Tangrowth	593 - 683
1015 - 1125	GO Stardust icon.png3,000 + Tangela Candy3	May 18, 2021
0466	ElectivireShadow	Electivire	602 - 694
1031 - 1144	GO Stardust icon.png5,000 + Electabuzz Candy5	October 17, 2019
0467	MagmortarShadow	Magmortar	613 - 706
1050 - 1163	GO Stardust icon.png5,000 + Magmar Candy5	October 17, 2019
0472	GliscorShadow	Gliscor	522 - 606
896 - 1000	GO Stardust icon.png5,000 + Gligar Candy5	June 10, 2020
0473	MamoswineShadow	Mamoswine	653 - 750
1118 - 1236	GO Stardust icon.png3,000 + Swinub Candy3	February 2, 2021
0474	Porygon-ZShadow	Porygon-Z	640 - 736
1096 - 1213	GO Stardust icon.png3,000 + Porygon Candy3	November 7, 2019
0475	GalladeShadow	Gallade	605 - 697
1037 - 1149	GO Stardust icon.png5,000 + Ralts Candy5	August 8, 2019
0476	ProbopassShadow	Probopass	392 - 468
679 - 772	GO Stardust icon.png3,000 + Nosepass Candy3	February 2, 2021
0477	DusknoirShadow	Dusknoir	456 - 538
787 - 887	GO Stardust icon.png3,000 + Duskull Candy3	October 17, 2019
0478	FroslassShadow	Froslass	386 - 460
668 - 758	GO Stardust icon.png5,000 + Snorunt Candy5	January 27, 2024
0484	PalkiaShadowGO Premier Ball.png	Palkia	821 - 927
1399 - 1528	GO Stardust icon.png20,000 + Palkia Candy20	January 15, 2025
0485	HeatranShadowGO Premier Ball.png	Heatran	694 - 791
1185 - 1304	GO Stardust icon.png20,000 + Heatran Candy20	October 8, 2024
0486	RegigigasShadowGO Premier Ball.png	Regigigas	870 - 979
1481 - 1614	GO Stardust icon.png20,000 + Regigigas Candy20	October 26, 2023
0488	CresseliaShadowGO Premier Ball.png	Cresselia	554 - 644
951 - 1061	GO Stardust icon.png20,000 + Cresselia Candy20	August 8, 2024
0495	SnivyShadowGO Premier Ball.png	Snivy	212 - 267
373 - 441	GO Stardust icon.png3,000 + Snivy Candy3	January 15, 2025
0496	ServineShadow	Servine	355 - 426
616 - 702	GO Stardust icon.png3,000 + Snivy Candy3	January 15, 2025
0497	SerperiorShadow	Serperior	573 - 661
982 - 1090	GO Stardust icon.png3,000 + Snivy Candy3	January 15, 2025
0498	TepigShadowGO Premier Ball.png	Tepig	166 - 215
294 - 355	GO Stardust icon.png3,000 + Tepig Candy3	January 15, 2025
0499	PigniteShadow	Pignite	290 - 355
505 - 584	GO Stardust icon.png3,000 + Tepig Candy3	January 15, 2025
0500	EmboarShadow	Emboar	519 - 604
892 - 996	GO Stardust icon.png3,000 + Tepig Candy3	January 15, 2025
0501	OshawottShadowGO Premier Ball.png	Oshawott	189 - 242
334 - 399	GO Stardust icon.png3,000 + Oshawott Candy3	January 15, 2025
0502	DewottShadow	Dewott	316 - 383
550 - 632	GO Stardust icon.png3,000 + Oshawott Candy3	January 15, 2025
0503	SamurottShadow	Samurott	566 - 653
970 - 1077	GO Stardust icon.png3,000 + Oshawott Candy3	January 15, 2025
0504	PatratShadowGO Premier Ball.png	Patrat	133 - 178
238 - 294	GO Stardust icon.png1,000 + Patrat Candy1	July 9, 2022
0505	WatchogShadow	Watchog	341 - 410
591 - 675	GO Stardust icon.png1,000 + Patrat Candy1	July 9, 2022
0509	PurrloinShadowGO Premier Ball.png	Purrloin	129 - 174
232 - 286	GO Stardust icon.png1,000 + Purrloin Candy1	July 9, 2022
0510	LiepardShadow	Liepard	345 - 416
598 - 685	GO Stardust icon.png1,000 + Purrloin Candy1	July 9, 2022
0519	PidoveShadowGO Premier Ball.png	Pidove	144 - 191
257 - 315	GO Stardust icon.png1,000 + Pidove Candy1	February 1, 2023
0520	TranquillShadow	Tranquill	263 - 325
460 - 535	GO Stardust icon.png1,000 + Pidove Candy1	February 1, 2023
0521	UnfezantShadow	Unfezant	529 - 616
910 - 1015	GO Stardust icon.png1,000 + Pidove Candy1	February 1, 2023
0522	BlitzleShadowGO Premier Ball.png	Blitzle	477 - 575
828 - 948	GO Stardust icon.png3,000 + Blitzle Candy3	February 1, 2023
0523	ZebstrikaShadow	Zebstrika	466 - 547
802 - 902	GO Stardust icon.png3,000 + Blitzle Candy3	February 1, 2023
0524	RoggenrolaShadowGO Premier Ball.png	Roggenrola	233 - 291
409 - 480	GO Stardust icon.png1,000 + Roggenrola Candy1	October 8, 2024
0525	BoldoreShadow	Boldore	357 - 427
618 - 705	GO Stardust icon.png1,000 + Roggenrola Candy1	October 8, 2024
0526	GigalithShadow	Gigalith	576 - 664
987 - 1095	GO Stardust icon.png1,000 + Roggenrola Candy1	October 8, 2024
0529	DrilburShadowGO Premier Ball.png	Drilbur	248 - 310
436 - 511	GO Stardust icon.png3,000 + Drilbur Candy3	October 26, 2023
0530	ExcadrillShadow	Excadrill	634 - 731
1086 - 1205	GO Stardust icon.png3,000 + Drilbur Candy3	October 26, 2023
0532	TimburrShadowGO Premier Ball.png	Timburr	236 - 296
415 - 488	GO Stardust icon.png5,000 + Timburr Candy5	August 8, 2024
0533	GurdurrShadow	Gurdurr	412 - 489
712 - 806	GO Stardust icon.png5,000 + Timburr Candy5	August 8, 2024
0534	ConkeldurrShadow	Conkeldurr	656 - 752
1122 - 1239	GO Stardust icon.png5,000 + Timburr Candy5	August 8, 2024
0538	ThrohShadowGO Premier Ball.png	Throh	493 - 577
849 - 951	GO Stardust icon.png5,000 + Throh Candy5	June 5, 2023
0539	SawkShadowGO Premier Ball.png	Sawk	541 - 628
929 - 1035	GO Stardust icon.png5,000 + Sawk Candy5	June 5, 2023
0543	VenipedeShadowGO Premier Ball.png	Venipede	233 - 291
409 - 480	GO Stardust icon.png1,000 + Venipede Candy1	October 8, 2024
0544	WhirlipedeShadow	Whirlipede	357 - 427
618 - 705	GO Stardust icon.png1,000 + Venipede Candy1	October 8, 2024
0545	ScolipedeShadow	Scolipede	576 - 664
987 - 1095	GO Stardust icon.png1,000 + Venipede Candy1	October 8, 2024
0554	DarumakaShadowGO Premier Ball.png	Darumaka	262 - 325
458 - 535	GO Stardust icon.png3,000 + Darumaka Candy3	March 27, 2024
0555	DarmanitanShadow	Darmanitan	603 - 700
1035 - 1153	GO Stardust icon.png3,000 + Darumaka Candy3	March 27, 2024
0557	DwebbleShadowGO Premier Ball.png	Dwebble	220 - 276
386 - 454	GO Stardust icon.png1,000 + Dwebble Candy1	January 27, 2024
0558	CrustleShadow	Crustle	490 - 573
844 - 944	GO Stardust icon.png1,000 + Dwebble Candy1	January 27, 2024
0564	TirtougaShadowGO Premier Ball.png	Tirtouga	273 - 335
477 - 553	GO Stardust icon.png5,000 + Tirtouga Candy5	August 8, 2024
0565	CarracostaShadow	Carracosta	507 - 591
872 - 974	GO Stardust icon.png5,000 + Tirtouga Candy5	August 8, 2024
0566	ArchenShadowGO Premier Ball.png	Archen	341 - 415
594 - 684	GO Stardust icon.png5,000 + Archen Candy5	August 8, 2024
0567	ArcheopsShadow	Archeops	652 - 750
1117 - 1237	GO Stardust icon.png5,000 + Tirtouga Candy5	August 8, 2024
0568	TrubbishShadowGO Premier Ball.png	Trubbish	212 - 268
373 - 441	GO Stardust icon.png3,000 + Trubbish Candy3	January 15, 2025
0569	GarbodorShadow	Garbodor	555 - 643
952 - 1060	GO Stardust icon.png3,000 + Trubbish Candy3	January 15, 2025
0574	GothitaShadowGO Premier Ball.png	Gothita	165 - 214
292 - 353	GO Stardust icon.png3,000 + Gothita Candy3	March 27, 2024
0575	GothoritaShadow	Gothorita	297 - 361
516 - 596	GO Stardust icon.png3,000 + Gothita Candy3	March 27, 2024
0576	GothitelleShadow	Gothitelle	465 - 545
800 - 898	GO Stardust icon.png3,000 + Gothita Candy3	March 27, 2024
0577	SolosisShadowGO Premier Ball.png	Solosis	246 - 308
432 - 508	GO Stardust icon.png3,000 + Solosis Candy3	March 27, 2024
0578	DuosionShadow	Duosion	379 - 455
657 - 749	GO Stardust icon.png3,000 + Solosis Candy3	March 27, 2024
0579	ReuniclusShadow	Reuniclus	570 - 659
978 - 1087	GO Stardust icon.png3,000 + Solosis Candy3	March 27, 2024
0580	DucklettShadowGO Premier Ball.png	Ducklett	145 - 193
259 - 318	GO Stardust icon.png1,000 + Ducklett Candy1	July 9, 2022
0581	SwannaShadow	Swanna	396 - 470
684 - 775	GO Stardust icon.png1,000 + Ducklett Candy1	July 9, 2022
0588	KarrablastShadowGO Premier Ball.png	Karrablast	233 - 291
409 - 480	GO Stardust icon.png1,000 + Karrablast Candy1	October 8, 2024
0589	EscavalierShadow	Escavalier	357 - 427
618 - 705	GO Stardust icon.png1,000 + Karrablast Candy1	October 8, 2024
0590	FoongusShadowGO Premier Ball.png	Foongus	169 - 220
301 - 363	GO Stardust icon.png1,000 + Foongus Candy1	July 9, 2022
0591	AmoongussShadow	Amoonguss	406 - 482
701 - 795	GO Stardust icon.png1,000 + Foongus Candy1	July 9, 2022
0595	JoltikShadowGO Premier Ball.png	Joltik	179 - 230
317 - 380	GO Stardust icon.png3,000 + Joltik Candy3	February 1, 2023
0596	GalvantulaShadow	Galvantula	419 - 497
724 - 819	GO Stardust icon.png3,000 + Joltik Candy3	February 1, 2023
0597	FerroseedShadowGO Premier Ball.png	Ferroseed	161 - 212
287 - 349	GO Stardust icon.png3,000 + Ferroseed Candy3	January 27, 2024
0598	FerrothornShadow	Ferrothorn	444 - 523
766 - 862	GO Stardust icon.png3,000 + Ferroseed Candy3	January 27, 2024
0607	LitwickShadowGO Premier Ball.png	Litwick	176 - 226
311 - 374	GO Stardust icon.png5,000 + Litwick Candy5	October 26, 2023
0608	LampentShadow	Lampent	317 - 385
552 - 634	GO Stardust icon.png5,000 + Litwick Candy5	October 26, 2023
0609	ChandelureShadow	Chandelure	640 - 736
1097 - 1214	GO Stardust icon.png5,000 + Litwick Candy5	October 26, 2023
0616	ShelmetShadowGO Premier Ball.png	Shelmet	233 - 291
409 - 480	GO Stardust icon.png1,000 + Shelmet Candy1	October 8, 2024
0617	AccelgorShadow	Accelgor	357 - 427
618 - 705	GO Stardust icon.png1,000 + Shelmet Candy1	October 8, 2024
0622	GolettShadowGO Premier Ball.png	Golett	212 - 268
373 - 441	GO Stardust icon.png5,000 + Golett Candy5	November 14, 2022
0623	GolurkShadow	Golurk	555 - 643
952 - 1060	GO Stardust icon.png5,000 + Golett Candy5	November 14, 2022
0659	BunnelbyShadowGO Premier Ball.png	Bunnelby	133 - 178
238 - 294	GO Stardust icon.png1,000 + Bunnelby Candy1	January 15, 2025
0660	DiggersbyShadow	Diggersby	341 - 410
591 - 675	GO Stardust icon.png1,000 + Bunnelby Candy1	January 15, 2025
0862	ObstagoonShadow	Obstagoon	513 - 598
882 - 985	GO Stardust icon.png3,000 + Zigzagoon Candy3	October 8, 2024
0901	UrsalunaShadow	Ursaluna	766 - 869
1306 - 1432	GO Stardust icon.png3,000 + Teddiursa Candy3	November 12, 2022
0903	SneaslerShadow	Sneasler	631 - 726
1081 - 1197	GO Stardust icon.png3,000 + Sneasel Candy3	October 26, 2023
0979	AnnihilapeShadow	Annihilape	631 - 726
1081 - 1197	GO Stardust icon.png3,000 + Mankey Candy3	October 8, 2024