#0001	Bulbasaur	Bulbasaur
Grass	Poison
#0002	Ivysaur	Ivysaur
Grass	Poison
#0003	Venusaur	Venusaur
Grass	Poison
#0004	Charmander	Charmander
Fire
#0005	Charmeleon	Charmeleon
Fire
#0006	Charizard	Charizard
Fire	Flying
#0007	Squirtle	Squirtle
Water
#0008	Wartortle	Wartortle
Water
#0009	Blastoise	Blastoise
Water
#0010	Caterpie	Caterpie
Bug
#0011	Metapod	Metapod
Bug
#0012	Butterfree	Butterfree
Bug	Flying
#0013	Weedle	Weedle
Bug	Poison
#0014	Kakuna	Kakuna
Bug	Poison
#0015	Beedrill	Beedrill
Bug	Poison
#0016	Pidgey	Pidgey
Normal	Flying
#0017	Pidgeotto	Pidgeotto
Normal	Flying
#0018	Pidgeot	Pidgeot
Normal	Flying
#0019	Rattata	Rattata
Normal
Rattata	Rattata
Alolan Form	Dark	Normal
#0020	Raticate	Raticate
Normal
Raticate	Raticate
Alolan Form	Dark	Normal
#0021	Spearow	Spearow
Normal	Flying
#0022	Fearow	Fearow
Normal	Flying
#0023	Ekans	Ekans
Poison
#0024	Arbok	Arbok
Poison
#0025	Pikachu	Pikachu
Electric
#0026	Raichu	Raichu
Electric
Raichu	Raichu
Alolan Form	Electric	Psychic
#0027	Sandshrew	Sandshrew
Ground
Sandshrew	Sandshrew
Alolan Form	Ice	Steel
#0028	Sandslash	Sandslash
Ground
Sandslash	Sandslash
Alolan Form	Ice	Steel
#0029	Nidoran♀	Nidoran♀
Poison
#0030	Nidorina	Nidorina
Poison
#0031	Nidoqueen	Nidoqueen
Poison	Ground
#0032	Nidoran♂	Nidoran♂
Poison
#0033	Nidorino	Nidorino
Poison
#0034	Nidoking	Nidoking
Poison	Ground
#0035	Clefairy	Clefairy
Fairy
#0036	Clefable	Clefable
Fairy
#0037	Vulpix	Vulpix
Fire
Vulpix	Vulpix
Alolan Form	Ice
#0038	Ninetales	Ninetales
Fire
Ninetales	Ninetales
Alolan Form	Ice	Fairy
#0039	Jigglypuff	Jigglypuff
Normal	Fairy
#0040	Wigglytuff	Wigglytuff
Normal	Fairy
#0041	Zubat	Zubat
Poison	Flying
#0042	Golbat	Golbat
Poison	Flying
#0043	Oddish	Oddish
Grass	Poison
#0044	Gloom	Gloom
Grass	Poison
#0045	Vileplume	Vileplume
Grass	Poison
#0046	Paras	Paras
Bug	Grass
#0047	Parasect	Parasect
Bug	Grass
#0048	Venonat	Venonat
Bug	Poison
#0049	Venomoth	Venomoth
Bug	Poison
#0050	Diglett	Diglett
Ground
Diglett	Diglett
Alolan Form	Ground	Steel
#0051	Dugtrio	Dugtrio
Ground
Dugtrio	Dugtrio
Alolan Form	Ground	Steel
#0052	Meowth	Meowth
Normal
Meowth	Meowth
Alolan Form	Dark
Meowth	Meowth
Galarian Form	Steel
#0053	Persian	Persian
Normal
Persian	Persian
Alolan Form	Dark
#0054	Psyduck	Psyduck
Water
#0055	Golduck	Golduck
Water
#0056	Mankey	Mankey
Fighting
#0057	Primeape	Primeape
Fighting
#0058	Growlithe	Growlithe
Fire
Growlithe	Growlithe
Hisuian Form	Fire	Rock
#0059	Arcanine	Arcanine
Fire
Arcanine	Arcanine
Hisuian Form	Fire	Rock
#0060	Poliwag	Poliwag
Water
#0061	Poliwhirl	Poliwhirl
Water
#0062	Poliwrath	Poliwrath
Water	Fighting
#0063	Abra	Abra
Psychic
#0064	Kadabra	Kadabra
Psychic
#0065	Alakazam	Alakazam
Psychic
#0066	Machop	Machop
Fighting
#0067	Machoke	Machoke
Fighting
#0068	Machamp	Machamp
Fighting
#0069	Bellsprout	Bellsprout
Grass	Poison
#0070	Weepinbell	Weepinbell
Grass	Poison
#0071	Victreebel	Victreebel
Grass	Poison
#0072	Tentacool	Tentacool
Water	Poison
#0073	Tentacruel	Tentacruel
Water	Poison
#0074	Geodude	Geodude
Rock	Ground
Geodude	Geodude
Alolan Form	Rock	Electric
#0075	Graveler	Graveler
Rock	Ground
Graveler	Graveler
Alolan Form	Rock	Electric
#0076	Golem	Golem
Rock	Ground
Golem	Golem
Alolan Form	Rock	Electric
#0077	Ponyta	Ponyta
Fire
Ponyta	Ponyta
Galarian Form	Psychic
#0078	Rapidash	Rapidash
Fire
Rapidash	Rapidash
Galarian Form	Psychic	Fairy
#0079	Slowpoke	Slowpoke
Water	Psychic
Slowpoke	Slowpoke
Galarian Form	Psychic
#0080	Slowbro	Slowbro
Water	Psychic
Slowbro	Slowbro
Galarian Form	Poison	Psychic
#0081	Magnemite	Magnemite
Electric	Steel
#0082	Magneton	Magneton
Electric	Steel
#0083	Farfetch'd	Farfetch'd
Normal	Flying
Farfetch'd	Farfetch'd
Galarian Form	Fighting
#0084	Doduo	Doduo
Normal	Flying
#0085	Dodrio	Dodrio
Normal	Flying
#0086	Seel	Seel
Water
#0087	Dewgong	Dewgong
Water	Ice
#0088	Grimer	Grimer
Poison
Grimer	Grimer
Alolan Form	Poison	Dark
#0089	Muk	Muk
Poison
Muk	Muk
Alolan Form	Poison	Dark
#0090	Shellder	Shellder
Water
#0091	Cloyster	Cloyster
Water	Ice
#0092	Gastly	Gastly
Ghost	Poison
#0093	Haunter	Haunter
Ghost	Poison
#0094	Gengar	Gengar
Ghost	Poison
#0095	Onix	Onix
Rock	Ground
#0096	Drowzee	Drowzee
Psychic
#0097	Hypno	Hypno
Psychic
#0098	Krabby	Krabby
Water
#0099	Kingler	Kingler
Water
#0100	Voltorb	Voltorb
Electric
Voltorb	Voltorb
Hisuian Form	Electric	Grass
#0101	Electrode	Electrode
Electric
Electrode	Electrode
Hisuian Form	Electric	Grass
#0102	Exeggcute	Exeggcute
Grass	Psychic
#0103	Exeggutor	Exeggutor
Grass	Psychic
Exeggutor	Exeggutor
Alolan Form	Grass	Dragon
#0104	Cubone	Cubone
Ground
#0105	Marowak	Marowak
Ground
Marowak	Marowak
Alolan Form	Fire	Ghost
#0106	Hitmonlee	Hitmonlee
Fighting
#0107	Hitmonchan	Hitmonchan
Fighting
#0108	Lickitung	Lickitung
Normal
#0109	Koffing	Koffing
Poison
#0110	Weezing	Weezing
Poison
Weezing	Weezing
Galarian Form	Poison	Fairy
#0111	Rhyhorn	Rhyhorn
Ground	Rock
#0112	Rhydon	Rhydon
Ground	Rock
#0113	Chansey	Chansey
Normal
#0114	Tangela	Tangela
Grass
#0115	Kangaskhan	Kangaskhan
Normal
#0116	Horsea	Horsea
Water
#0117	Seadra	Seadra
Water
#0118	Goldeen	Goldeen
Water
#0119	Seaking	Seaking
Water
#0120	Staryu	Staryu
Water
#0121	Starmie	Starmie
Water	Psychic
#0122	Mr. Mime	Mr. Mime
Psychic	Fairy
Mr. Mime	Mr. Mime
Galarian Form	Ice	Psychic
#0123	Scyther	Scyther
Bug	Flying
#0124	Jynx	Jynx
Ice	Psychic
#0125	Electabuzz	Electabuzz
Electric
#0126	Magmar	Magmar
Fire
#0127	Pinsir	Pinsir
Bug
#0128	Tauros	Tauros
Normal
Tauros	Tauros
Paldean Form (Combat Breed)	Fighting
Tauros	Tauros
Paldean Form (Blaze Breed)	Fighting	Fire
Tauros	Tauros
Paldean Form (Aqua Breed)	Fighting	Water
#0129	Magikarp	Magikarp
Water
#0130	Gyarados	Gyarados
Water	Flying
#0131	Lapras	Lapras
Water	Ice
#0132	Ditto	Ditto
Normal
#0133	Eevee	Eevee
Normal
#0134	Vaporeon	Vaporeon
Water
#0135	Jolteon	Jolteon
Electric
#0136	Flareon	Flareon
Fire
#0137	Porygon	Porygon
Normal
#0138	Omanyte	Omanyte
Rock	Water
#0139	Omastar	Omastar
Rock	Water
#0140	Kabuto	Kabuto
Rock	Water
#0141	Kabutops	Kabutops
Rock	Water
#0142	Aerodactyl	Aerodactyl
Rock	Flying
#0143	Snorlax	Snorlax
Normal
#0144	Articuno	Articuno
Ice	Flying
Articuno	Articuno
Galarian Form	Psychic	Flying
#0145	Zapdos	Zapdos
Electric	Flying
Zapdos	Zapdos
Galarian Form	Fighting	Flying
#0146	Moltres	Moltres
Fire	Flying
Moltres	Moltres
Galarian Form	Dark	Flying
#0147	Dratini	Dratini
Dragon
#0148	Dragonair	Dragonair
Dragon
#0149	Dragonite	Dragonite
Dragon	Flying
#0150	Mewtwo	Mewtwo
Psychic
#0151	Mew	Mew
Psychic
#0152	Chikorita	Chikorita
Grass
#0153	Bayleef	Bayleef
Grass
#0154	Meganium	Meganium
Grass
#0155	Cyndaquil	Cyndaquil
Fire
#0156	Quilava	Quilava
Fire
#0157	Typhlosion	Typhlosion
Fire
Typhlosion	Typhlosion
Hisuian Form	Fire	Ghost
#0158	Totodile	Totodile
Water
#0159	Croconaw	Croconaw
Water
#0160	Feraligatr	Feraligatr
Water
#0161	Sentret	Sentret
Normal
#0162	Furret	Furret
Normal
#0163	Hoothoot	Hoothoot
Normal	Flying
#0164	Noctowl	Noctowl
Normal	Flying
#0165	Ledyba	Ledyba
Bug	Flying
#0166	Ledian	Ledian
Bug	Flying
#0167	Spinarak	Spinarak
Bug	Poison
#0168	Ariados	Ariados
Bug	Poison
#0169	Crobat	Crobat
Poison	Flying
#0170	Chinchou	Chinchou
Water	Electric
#0171	Lanturn	Lanturn
Water	Electric
#0172	Pichu	Pichu
Electric
#0173	Cleffa	Cleffa
Fairy
#0174	Igglybuff	Igglybuff
Normal	Fairy
#0175	Togepi	Togepi
Fairy
#0176	Togetic	Togetic
Fairy	Flying
#0177	Natu	Natu
Psychic	Flying
#0178	Xatu	Xatu
Psychic	Flying
#0179	Mareep	Mareep
Electric
#0180	Flaaffy	Flaaffy
Electric
#0181	Ampharos	Ampharos
Electric
#0182	Bellossom	Bellossom
Grass
#0183	Marill	Marill
Water	Fairy
#0184	Azumarill	Azumarill
Water	Fairy
#0185	Sudowoodo	Sudowoodo
Rock
#0186	Politoed	Politoed
Water
#0187	Hoppip	Hoppip
Grass	Flying
#0188	Skiploom	Skiploom
Grass	Flying
#0189	Jumpluff	Jumpluff
Grass	Flying
#0190	Aipom	Aipom
Normal
#0191	Sunkern	Sunkern
Grass
#0192	Sunflora	Sunflora
Grass
#0193	Yanma	Yanma
Bug	Flying
#0194	Wooper	Wooper
Water	Ground
Wooper	Wooper
Paldean Form	Poison	Ground
#0195	Quagsire	Quagsire
Water	Ground
#0196	Espeon	Espeon
Psychic
#0197	Umbreon	Umbreon
Dark
#0198	Murkrow	Murkrow
Dark	Flying
#0199	Slowking	Slowking
Water	Psychic
Slowking	Slowking
Galarian Form	Poison	Psychic
#0200	Misdreavus	Misdreavus
Ghost
#0201	Unown	Unown
One form	Psychic
#0202	Wobbuffet	Wobbuffet
Psychic
#0203	Girafarig	Girafarig
Normal	Psychic
#0204	Pineco	Pineco
Bug
#0205	Forretress	Forretress
Bug	Steel
#0206	Dunsparce	Dunsparce
Normal
#0207	Gligar	Gligar
Ground	Flying
#0208	Steelix	Steelix
Steel	Ground
#0209	Snubbull	Snubbull
Fairy
#0210	Granbull	Granbull
Fairy
#0211	Qwilfish	Qwilfish
Water	Poison
Qwilfish	Qwilfish
Hisuian Form	Dark	Poison
#0212	Scizor	Scizor
Bug	Steel
#0213	Shuckle	Shuckle
Bug	Rock
#0214	Heracross	Heracross
Bug	Fighting
#0215	Sneasel	Sneasel
Dark	Ice
Sneasel	Sneasel
Hisuian Form	Fighting	Poison
#0216	Teddiursa	Teddiursa
Normal
#0217	Ursaring	Ursaring
Normal
#0218	Slugma	Slugma
Fire
#0219	Magcargo	Magcargo
Fire	Rock
#0220	Swinub	Swinub
Ice	Ground
#0221	Piloswine	Piloswine
Ice	Ground
#0222	Corsola	Corsola
Water	Rock
Corsola	Corsola
Galarian Form	Ghost
#0223	Remoraid	Remoraid
Water
#0224	Octillery	Octillery
Water
#0225	Delibird	Delibird
Ice	Flying
#0226	Mantine	Mantine
Water	Flying
#0227	Skarmory	Skarmory
Steel	Flying
#0228	Houndour	Houndour
Dark	Fire
#0229	Houndoom	Houndoom
Dark	Fire
#0230	Kingdra	Kingdra
Water	Dragon
#0231	Phanpy	Phanpy
Ground
#0232	Donphan	Donphan
Ground
#0233	Porygon2	Porygon2
Normal
#0234	Stantler	Stantler
Normal
#0235	Smeargle	Smeargle
Normal
#0236	Tyrogue	Tyrogue
Fighting
#0237	Hitmontop	Hitmontop
Fighting
#0238	Smoochum	Smoochum
Ice	Psychic
#0239	Elekid	Elekid
Electric
#0240	Magby	Magby
Fire
#0241	Miltank	Miltank
Normal
#0242	Blissey	Blissey
Normal
#0243	Raikou	Raikou
Electric
#0244	Entei	Entei
Fire
#0245	Suicune	Suicune
Water
#0246	Larvitar	Larvitar
Rock	Ground
#0247	Pupitar	Pupitar
Rock	Ground
#0248	Tyranitar	Tyranitar
Rock	Dark
#0249	Lugia	Lugia
Psychic	Flying
#0250	Ho-Oh	Ho-Oh
Fire	Flying
#0251	Celebi	Celebi
Psychic	Grass
#0252	Treecko	Treecko
Grass
#0253	Grovyle	Grovyle
Grass
#0254	Sceptile	Sceptile
Grass
#0255	Torchic	Torchic
Fire
#0256	Combusken	Combusken
Fire	Fighting
#0257	Blaziken	Blaziken
Fire	Fighting
#0258	Mudkip	Mudkip
Water
#0259	Marshtomp	Marshtomp
Water	Ground
#0260	Swampert	Swampert
Water	Ground
#0261	Poochyena	Poochyena
Dark
#0262	Mightyena	Mightyena
Dark
#0263	Zigzagoon	Zigzagoon
Normal
Zigzagoon	Zigzagoon
Galarian Form	Dark	Normal
#0264	Linoone	Linoone
Normal
Linoone	Linoone
Galarian Form	Dark	Normal
#0265	Wurmple	Wurmple
Bug
#0266	Silcoon	Silcoon
Bug
#0267	Beautifly	Beautifly
Bug	Flying
#0268	Cascoon	Cascoon
Bug
#0269	Dustox	Dustox
Bug	Poison
#0270	Lotad	Lotad
Water	Grass
#0271	Lombre	Lombre
Water	Grass
#0272	Ludicolo	Ludicolo
Water	Grass
#0273	Seedot	Seedot
Grass
#0274	Nuzleaf	Nuzleaf
Grass	Dark
#0275	Shiftry	Shiftry
Grass	Dark
#0276	Taillow	Taillow
Normal	Flying
#0277	Swellow	Swellow
Normal	Flying
#0278	Wingull	Wingull
Water	Flying
#0279	Pelipper	Pelipper
Water	Flying
#0280	Ralts	Ralts
Psychic	Fairy
#0281	Kirlia	Kirlia
Psychic	Fairy
#0282	Gardevoir	Gardevoir
Psychic	Fairy
#0283	Surskit	Surskit
Bug	Water
#0284	Masquerain	Masquerain
Bug	Flying
#0285	Shroomish	Shroomish
Grass
#0286	Breloom	Breloom
Grass	Fighting
#0287	Slakoth	Slakoth
Normal
#0288	Vigoroth	Vigoroth
Normal
#0289	Slaking	Slaking
Normal
#0290	Nincada	Nincada
Bug	Ground
#0291	Ninjask	Ninjask
Bug	Flying
#0292	Shedinja	Shedinja
Bug	Ghost
#0293	Whismur	Whismur
Normal
#0294	Loudred	Loudred
Normal
#0295	Exploud	Exploud
Normal
#0296	Makuhita	Makuhita
Fighting
#0297	Hariyama	Hariyama
Fighting
#0298	Azurill	Azurill
Normal	Fairy
#0299	Nosepass	Nosepass
Rock
#0300	Skitty	Skitty
Normal
#0301	Delcatty	Delcatty
Normal
#0302	Sableye	Sableye
Dark	Ghost
#0303	Mawile	Mawile
Steel	Fairy
#0304	Aron	Aron
Steel	Rock
#0305	Lairon	Lairon
Steel	Rock
#0306	Aggron	Aggron
Steel	Rock
#0307	Meditite	Meditite
Fighting	Psychic
#0308	Medicham	Medicham
Fighting	Psychic
#0309	Electrike	Electrike
Electric
#0310	Manectric	Manectric
Electric
#0311	Plusle	Plusle
Electric
#0312	Minun	Minun
Electric
#0313	Volbeat	Volbeat
Bug
#0314	Illumise	Illumise
Bug
#0315	Roselia	Roselia
Grass	Poison
#0316	Gulpin	Gulpin
Poison
#0317	Swalot	Swalot
Poison
#0318	Carvanha	Carvanha
Water	Dark
#0319	Sharpedo	Sharpedo
Water	Dark
#0320	Wailmer	Wailmer
Water
#0321	Wailord	Wailord
Water
#0322	Numel	Numel
Fire	Ground
#0323	Camerupt	Camerupt
Fire	Ground
#0324	Torkoal	Torkoal
Fire
#0325	Spoink	Spoink
Psychic
#0326	Grumpig	Grumpig
Psychic
#0327	Spinda	Spinda
Normal
#0328	Trapinch	Trapinch
Ground
#0329	Vibrava	Vibrava
Ground	Dragon
#0330	Flygon	Flygon
Ground	Dragon
#0331	Cacnea	Cacnea
Grass
#0332	Cacturne	Cacturne
Grass	Dark
#0333	Swablu	Swablu
Normal	Flying
#0334	Altaria	Altaria
Dragon	Flying
#0335	Zangoose	Zangoose
Normal
#0336	Seviper	Seviper
Poison
#0337	Lunatone	Lunatone
Rock	Psychic
#0338	Solrock	Solrock
Rock	Psychic
#0339	Barboach	Barboach
Water	Ground
#0340	Whiscash	Whiscash
Water	Ground
#0341	Corphish	Corphish
Water
#0342	Crawdaunt	Crawdaunt
Water	Dark
#0343	Baltoy	Baltoy
Ground	Psychic
#0344	Claydol	Claydol
Ground	Psychic
#0345	Lileep	Lileep
Rock	Grass
#0346	Cradily	Cradily
Rock	Grass
#0347	Anorith	Anorith
Rock	Bug
#0348	Armaldo	Armaldo
Rock	Bug
#0349	Feebas	Feebas
Water
#0350	Milotic	Milotic
Water
#0351	Castform	Castform
Normal
Castform	Castform
Sunny Form	Fire
Castform	Castform
Rainy Form	Water
Castform	Castform
Snowy Form	Ice
#0352	Kecleon	Kecleon
Normal
#0353	Shuppet	Shuppet
Ghost
#0354	Banette	Banette
Ghost
#0355	Duskull	Duskull
Ghost
#0356	Dusclops	Dusclops
Ghost
#0357	Tropius	Tropius
Grass	Flying
#0358	Chimecho	Chimecho
Psychic
#0359	Absol	Absol
Dark
#0360	Wynaut	Wynaut
Psychic
#0361	Snorunt	Snorunt
Ice
#0362	Glalie	Glalie
Ice
#0363	Spheal	Spheal
Ice	Water
#0364	Sealeo	Sealeo
Ice	Water
#0365	Walrein	Walrein
Ice	Water
#0366	Clamperl	Clamperl
Water
#0367	Huntail	Huntail
Water
#0368	Gorebyss	Gorebyss
Water
#0369	Relicanth	Relicanth
Water	Rock
#0370	Luvdisc	Luvdisc
Water
#0371	Bagon	Bagon
Dragon
#0372	Shelgon	Shelgon
Dragon
#0373	Salamence	Salamence
Dragon	Flying
#0374	Beldum	Beldum
Steel	Psychic
#0375	Metang	Metang
Steel	Psychic
#0376	Metagross	Metagross
Steel	Psychic
#0377	Regirock	Regirock
Rock
#0378	Regice	Regice
Ice
#0379	Registeel	Registeel
Steel
#0380	Latias	Latias
Dragon	Psychic
#0381	Latios	Latios
Dragon	Psychic
#0382	Kyogre	Kyogre
Kyogre	Water
#0383	Groudon	Groudon
Groudon	Ground
#0384	Rayquaza	Rayquaza
Dragon	Flying
#0385	Jirachi	Jirachi
Steel	Psychic
#0386	Deoxys	Deoxys
Normal Forme	Psychic
Deoxys	Deoxys
Attack Forme	Psychic
Deoxys	Deoxys
Defense Forme	Psychic
Deoxys	Deoxys
Speed Forme	Psychic
#0387	Turtwig	Turtwig
Grass
#0388	Grotle	Grotle
Grass
#0389	Torterra	Torterra
Grass	Ground
#0390	Chimchar	Chimchar
Fire
#0391	Monferno	Monferno
Fire	Fighting
#0392	Infernape	Infernape
Fire	Fighting
#0393	Piplup	Piplup
Water
#0394	Prinplup	Prinplup
Water
#0395	Empoleon	Empoleon
Water	Steel
#0396	Starly	Starly
Normal	Flying
#0397	Staravia	Staravia
Normal	Flying
#0398	Staraptor	Staraptor
Normal	Flying
#0399	Bidoof	Bidoof
Normal
#0400	Bibarel	Bibarel
Normal	Water
#0401	Kricketot	Kricketot
Bug
#0402	Kricketune	Kricketune
Bug
#0403	Shinx	Shinx
Electric
#0404	Luxio	Luxio
Electric
#0405	Luxray	Luxray
Electric
#0406	Budew	Budew
Grass	Poison
#0407	Roserade	Roserade
Grass	Poison
#0408	Cranidos	Cranidos
Rock
#0409	Rampardos	Rampardos
Rock
#0410	Shieldon	Shieldon
Rock	Steel
#0411	Bastiodon	Bastiodon
Rock	Steel
#0412	Burmy	Burmy
Plant Cloak	Bug
Burmy	Burmy
Sandy Cloak	Bug
Burmy	Burmy
Trash Cloak	Bug
#0413	Wormadam	Wormadam
Plant Cloak	Bug	Grass
Wormadam	Wormadam
Sandy Cloak	Bug	Ground
Wormadam	Wormadam
Trash Cloak	Bug	Steel
#0414	Mothim	Mothim
Bug	Flying
#0415	Combee	Combee
Bug	Flying
#0416	Vespiquen	Vespiquen
Bug	Flying
#0417	Pachirisu	Pachirisu
Electric
#0418	Buizel	Buizel
Water
#0419	Floatzel	Floatzel
Water
#0420	Cherubi	Cherubi
Grass
#0421	Cherrim	Cherrim
Overcast Form	Grass
Cherrim	Cherrim
Sunshine Form	Grass
#0422	Shellos	Shellos
West Sea	Water
Shellos	Shellos
East Sea	Water
#0423	Gastrodon	Gastrodon
West Sea	Water	Ground
Gastrodon	Gastrodon
East Sea	Water	Ground
#0424	Ambipom	Ambipom
Normal
#0425	Drifloon	Drifloon
Ghost	Flying
#0426	Drifblim	Drifblim
Ghost	Flying
#0427	Buneary	Buneary
Normal
#0428	Lopunny	Lopunny
Normal
#0429	Mismagius	Mismagius
Ghost
#0430	Honchkrow	Honchkrow
Dark	Flying
#0431	Glameow	Glameow
Normal
#0432	Purugly	Purugly
Normal
#0433	Chingling	Chingling
Psychic
#0434	Stunky	Stunky
Poison	Dark
#0435	Skuntank	Skuntank
Poison	Dark
#0436	Bronzor	Bronzor
Steel	Psychic
#0437	Bronzong	Bronzong
Steel	Psychic
#0438	Bonsly	Bonsly
Rock
#0439	Mime Jr.	Mime Jr.
Psychic	Fairy
#0440	Happiny	Happiny
Normal
#0441	Chatot	Chatot
Normal	Flying
#0442	Spiritomb	Spiritomb
Ghost	Dark
#0443	Gible	Gible
Dragon	Ground
#0444	Gabite	Gabite
Dragon	Ground
#0445	Garchomp	Garchomp
Dragon	Ground
#0446	Munchlax	Munchlax
Normal
#0447	Riolu	Riolu
Fighting
#0448	Lucario	Lucario
Fighting	Steel
#0449	Hippopotas	Hippopotas
Ground
#0450	Hippowdon	Hippowdon
Ground
#0451	Skorupi	Skorupi
Poison	Bug
#0452	Drapion	Drapion
Poison	Dark
#0453	Croagunk	Croagunk
Poison	Fighting
#0454	Toxicroak	Toxicroak
Poison	Fighting
#0455	Carnivine	Carnivine
Grass
#0456	Finneon	Finneon
Water
#0457	Lumineon	Lumineon
Water
#0458	Mantyke	Mantyke
Water	Flying
#0459	Snover	Snover
Grass	Ice
#0460	Abomasnow	Abomasnow
Grass	Ice
#0461	Weavile	Weavile
Dark	Ice
#0462	Magnezone	Magnezone
Electric	Steel
#0463	Lickilicky	Lickilicky
Normal
#0464	Rhyperior	Rhyperior
Ground	Rock
#0465	Tangrowth	Tangrowth
Grass
#0466	Electivire	Electivire
Electric
#0467	Magmortar	Magmortar
Fire
#0468	Togekiss	Togekiss
Fairy	Flying
#0469	Yanmega	Yanmega
Bug	Flying
#0470	Leafeon	Leafeon
Grass
#0471	Glaceon	Glaceon
Ice
#0472	Gliscor	Gliscor
Ground	Flying
#0473	Mamoswine	Mamoswine
Ice	Ground
#0474	Porygon-Z	Porygon-Z
Normal
#0475	Gallade	Gallade
Psychic	Fighting
#0476	Probopass	Probopass
Rock	Steel
#0477	Dusknoir	Dusknoir
Ghost
#0478	Froslass	Froslass
Ice	Ghost
#0479	Rotom	Rotom
Rotom	Electric	Ghost
Rotom	Rotom
Heat Rotom	Electric	Fire
Rotom	Rotom
Wash Rotom	Electric	Water
Rotom	Rotom
Frost Rotom	Electric	Ice
Rotom	Rotom
Fan Rotom	Electric	Flying
Rotom	Rotom
Mow Rotom	Electric	Grass
#0480	Uxie	Uxie
Psychic
#0481	Mesprit	Mesprit
Psychic
#0482	Azelf	Azelf
Psychic
#0483	Dialga	Dialga
Steel	Dragon
Dialga	Dialga
Origin Forme	Steel	Dragon
#0484	Palkia	Palkia
Water	Dragon
Palkia	Palkia
Origin Forme	Water	Dragon
#0485	Heatran	Heatran
Fire	Steel
#0486	Regigigas	Regigigas
Normal
#0487	Giratina	Giratina
Altered Forme	Ghost	Dragon
Giratina	Giratina
Origin Forme	Ghost	Dragon
#0488	Cresselia	Cresselia
Psychic
#0489	Phione	Phione
Water
#0490	Manaphy	Manaphy
Water
#0491	Darkrai	Darkrai
Dark
#0492	Shaymin	Shaymin
Land Forme	Grass
Shaymin	Shaymin
Sky Forme	Grass	Flying
#0493	Arceus	Arceus
Arceus	Normal
#0494	Victini	Victini
Psychic	Fire
#0495	Snivy	Snivy
Grass
#0496	Servine	Servine
Grass
#0497	Serperior	Serperior
Grass
#0498	Tepig	Tepig
Fire
#0499	Pignite	Pignite
Fire	Fighting
#0500	Emboar	Emboar
Fire	Fighting
#0501	Oshawott	Oshawott
Water
#0502	Dewott	Dewott
Water
#0503	Samurott	Samurott
Water
Samurott	Samurott
Hisuian Form	Water	Dark
#0504	Patrat	Patrat
Normal
#0505	Watchog	Watchog
Normal
#0506	Lillipup	Lillipup
Normal
#0507	Herdier	Herdier
Normal
#0508	Stoutland	Stoutland
Normal
#0509	Purrloin	Purrloin
Dark
#0510	Liepard	Liepard
Dark
#0511	Pansage	Pansage
Grass
#0512	Simisage	Simisage
Grass
#0513	Pansear	Pansear
Fire
#0514	Simisear	Simisear
Fire
#0515	Panpour	Panpour
Water
#0516	Simipour	Simipour
Water
#0517	Munna	Munna
Psychic
#0518	Musharna	Musharna
Psychic
#0519	Pidove	Pidove
Normal	Flying
#0520	Tranquill	Tranquill
Normal	Flying
#0521	Unfezant	Unfezant
Normal	Flying
#0522	Blitzle	Blitzle
Electric
#0523	Zebstrika	Zebstrika
Electric
#0524	Roggenrola	Roggenrola
Rock
#0525	Boldore	Boldore
Rock
#0526	Gigalith	Gigalith
Rock
#0527	Woobat	Woobat
Psychic	Flying
#0528	Swoobat	Swoobat
Psychic	Flying
#0529	Drilbur	Drilbur
Ground
#0530	Excadrill	Excadrill
Ground	Steel
#0531	Audino	Audino
Normal
#0532	Timburr	Timburr
Fighting
#0533	Gurdurr	Gurdurr
Fighting
#0534	Conkeldurr	Conkeldurr
Fighting
#0535	Tympole	Tympole
Water
#0536	Palpitoad	Palpitoad
Water	Ground
#0537	Seismitoad	Seismitoad
Water	Ground
#0538	Throh	Throh
Fighting
#0539	Sawk	Sawk
Fighting
#0540	Sewaddle	Sewaddle
Bug	Grass
#0541	Swadloon	Swadloon
Bug	Grass
#0542	Leavanny	Leavanny
Bug	Grass
#0543	Venipede	Venipede
Bug	Poison
#0544	Whirlipede	Whirlipede
Bug	Poison
#0545	Scolipede	Scolipede
Bug	Poison
#0546	Cottonee	Cottonee
Grass	Fairy
#0547	Whimsicott	Whimsicott
Grass	Fairy
#0548	Petilil	Petilil
Grass
#0549	Lilligant	Lilligant
Grass
Lilligant	Lilligant
Hisuian Form	Grass	Fighting
#0550	Basculin	Basculin
Red-Striped Form	Water
Basculin	Basculin
Blue-Striped Form	Water
Basculin	Basculin
White-Striped Form	Water
#0551	Sandile	Sandile
Ground	Dark
#0552	Krokorok	Krokorok
Ground	Dark
#0553	Krookodile	Krookodile
Ground	Dark
#0554	Darumaka	Darumaka
Fire
Darumaka	Darumaka
Galarian Form	Ice
#0555	Darmanitan	Darmanitan
Standard Mode	Fire
Darmanitan	Darmanitan
Zen Mode	Fire	Psychic
Darmanitan	Darmanitan
Galarian Form	Ice
Darmanitan	Darmanitan
Galarian Form (Zen Mode)	Ice	Fire
#0556	Maractus	Maractus
Grass
#0557	Dwebble	Dwebble
Bug	Rock
#0558	Crustle	Crustle
Bug	Rock
#0559	Scraggy	Scraggy
Dark	Fighting
#0560	Scrafty	Scrafty
Dark	Fighting
#0561	Sigilyph	Sigilyph
Psychic	Flying
#0562	Yamask	Yamask
Ghost
Yamask	Yamask
Galarian Form	Ground	Ghost
#0563	Cofagrigus	Cofagrigus
Ghost
#0564	Tirtouga	Tirtouga
Water	Rock
#0565	Carracosta	Carracosta
Water	Rock
#0566	Archen	Archen
Rock	Flying
#0567	Archeops	Archeops
Rock	Flying
#0568	Trubbish	Trubbish
Poison
#0569	Garbodor	Garbodor
Poison
#0570	Zorua	Zorua
Dark
Zorua	Zorua
Hisuian Form	Normal	Ghost
#0571	Zoroark	Zoroark
Dark
Zoroark	Zoroark
Hisuian Form	Normal	Ghost
#0572	Minccino	Minccino
Normal
#0573	Cinccino	Cinccino
Normal
#0574	Gothita	Gothita
Psychic
#0575	Gothorita	Gothorita
Psychic
#0576	Gothitelle	Gothitelle
Psychic
#0577	Solosis	Solosis
Psychic
#0578	Duosion	Duosion
Psychic
#0579	Reuniclus	Reuniclus
Psychic
#0580	Ducklett	Ducklett
Water	Flying
#0581	Swanna	Swanna
Water	Flying
#0582	Vanillite	Vanillite
Ice
#0583	Vanillish	Vanillish
Ice
#0584	Vanilluxe	Vanilluxe
Ice
#0585	Deerling	Deerling
Spring Form	Normal	Grass
Deerling	Deerling
Summer Form	Normal	Grass
Deerling	Deerling
Autumn Form	Normal	Grass
Deerling	Deerling
Winter Form	Normal	Grass
#0586	Sawsbuck	Sawsbuck
Spring Form	Normal	Grass
Sawsbuck	Sawsbuck
Summer Form	Normal	Grass
Sawsbuck	Sawsbuck
Autumn Form	Normal	Grass
Sawsbuck	Sawsbuck
Winter Form	Normal	Grass
#0587	Emolga	Emolga
Electric	Flying
#0588	Karrablast	Karrablast
Bug
#0589	Escavalier	Escavalier
Bug	Steel
#0590	Foongus	Foongus
Grass	Poison
#0591	Amoonguss	Amoonguss
Grass	Poison
#0592	Frillish	Frillish
Water	Ghost
#0593	Jellicent	Jellicent
Water	Ghost
#0594	Alomomola	Alomomola
Water
#0595	Joltik	Joltik
Bug	Electric
#0596	Galvantula	Galvantula
Bug	Electric
#0597	Ferroseed	Ferroseed
Grass	Steel
#0598	Ferrothorn	Ferrothorn
Grass	Steel
#0599	Klink	Klink
Steel
#0600	Klang	Klang
Steel
#0601	Klinklang	Klinklang
Steel
#0602	Tynamo	Tynamo
Electric
#0603	Eelektrik	Eelektrik
Electric
#0604	Eelektross	Eelektross
Electric
#0605	Elgyem	Elgyem
Psychic
#0606	Beheeyem	Beheeyem
Psychic
#0607	Litwick	Litwick
Ghost	Fire
#0608	Lampent	Lampent
Ghost	Fire
#0609	Chandelure	Chandelure
Ghost	Fire
#0610	Axew	Axew
Dragon
#0611	Fraxure	Fraxure
Dragon
#0612	Haxorus	Haxorus
Dragon
#0613	Cubchoo	Cubchoo
Ice
#0614	Beartic	Beartic
Ice
#0615	Cryogonal	Cryogonal
Ice
#0616	Shelmet	Shelmet
Bug
#0617	Accelgor	Accelgor
Bug
#0618	Stunfisk	Stunfisk
Ground	Electric
Stunfisk	Stunfisk
Galarian Form	Ground	Steel
#0619	Mienfoo	Mienfoo
Fighting
#0620	Mienshao	Mienshao
Fighting
#0621	Druddigon	Druddigon
Dragon
#0622	Golett	Golett
Ground	Ghost
#0623	Golurk	Golurk
Ground	Ghost
#0624	Pawniard	Pawniard
Dark	Steel
#0625	Bisharp	Bisharp
Dark	Steel
#0626	Bouffalant	Bouffalant
Normal
#0627	Rufflet	Rufflet
Normal	Flying
#0628	Braviary	Braviary
Normal	Flying
Braviary	Braviary
Hisuian Form	Psychic	Flying
#0629	Vullaby	Vullaby
Dark	Flying
#0630	Mandibuzz	Mandibuzz
Dark	Flying
#0631	Heatmor	Heatmor
Fire
#0632	Durant	Durant
Bug	Steel
#0633	Deino	Deino
Dark	Dragon
#0634	Zweilous	Zweilous
Dark	Dragon
#0635	Hydreigon	Hydreigon
Dark	Dragon
#0636	Larvesta	Larvesta
Bug	Fire
#0637	Volcarona	Volcarona
Bug	Fire
#0638	Cobalion	Cobalion
Steel	Fighting
#0639	Terrakion	Terrakion
Rock	Fighting
#0640	Virizion	Virizion
Grass	Fighting
#0641	Tornadus	Tornadus
Incarnate Forme	Flying
Tornadus	Tornadus
Therian Forme	Flying
#0642	Thundurus	Thundurus
Incarnate Forme	Electric	Flying
Thundurus	Thundurus
Therian Forme	Electric	Flying
#0643	Reshiram	Reshiram
Dragon	Fire
#0644	Zekrom	Zekrom
Dragon	Electric
#0645	Landorus	Landorus
Incarnate Forme	Ground	Flying
Landorus	Landorus
Therian Forme	Ground	Flying
#0646	Kyurem	Kyurem
Kyurem	Dragon	Ice
Kyurem	Kyurem
White Kyurem	Dragon	Ice
Kyurem	Kyurem
Black Kyurem	Dragon	Ice
#0647	Keldeo	Keldeo
Ordinary Form	Water	Fighting
Keldeo	Keldeo
Resolute Form	Water	Fighting
#0648	Meloetta	Meloetta
Aria Forme	Normal	Psychic
Meloetta	Meloetta
Pirouette Forme	Normal	Fighting
#0649	Genesect	Genesect
Genesect (no drive)	Bug	Steel
Genesect	Genesect
Genesect (Douse Drive)	Bug	Steel
Genesect	Genesect
Genesect (Shock Drive)	Bug	Steel
Genesect	Genesect
Genesect (Burn Drive)	Bug	Steel
Genesect	Genesect
Genesect (Chill Drive)	Bug	Steel
#0650	Chespin	Chespin
Grass
#0651	Quilladin	Quilladin
Grass
#0652	Chesnaught	Chesnaught
Grass	Fighting
#0653	Fennekin	Fennekin
Fire
#0654	Braixen	Braixen
Fire
#0655	Delphox	Delphox
Fire	Psychic
#0656	Froakie	Froakie
Water
#0657	Frogadier	Frogadier
Water
#0658	Greninja	Greninja
Water	Dark
#0659	Bunnelby	Bunnelby
Normal
#0660	Diggersby	Diggersby
Normal	Ground
#0661	Fletchling	Fletchling
Normal	Flying
#0662	Fletchinder	Fletchinder
Fire	Flying
#0663	Talonflame	Talonflame
Fire	Flying
#0664	Scatterbug	Scatterbug
Bug
#0665	Spewpa	Spewpa
Bug
#0666	Vivillon	Vivillon
Meadow Pattern	Bug	Flying
#0667	Litleo	Litleo
Fire	Normal
#0668	Pyroar	Pyroar
Fire	Normal
#0669	Flabébé	Flabébé
Red Flower	Fairy
Flabébé	Flabébé
Yellow Flower	Fairy
Flabébé	Flabébé
Orange Flower	Fairy
Flabébé	Flabébé
Blue Flower	Fairy
Flabébé	Flabébé
White Flower	Fairy
#0670	Floette	Floette
Red Flower	Fairy
Floette	Floette
Yellow Flower	Fairy
Floette	Floette
Orange Flower	Fairy
Floette	Floette
Blue Flower	Fairy
Floette	Floette
White Flower	Fairy
#0671	Florges	Florges
Red Flower	Fairy
Florges	Florges
Yellow Flower	Fairy
Florges	Florges
Orange Flower	Fairy
Florges	Florges
Blue Flower	Fairy
Florges	Florges
White Flower	Fairy
#0672	Skiddo	Skiddo
Grass
#0673	Gogoat	Gogoat
Grass
#0674	Pancham	Pancham
Fighting
#0675	Pangoro	Pangoro
Fighting	Dark
#0676	Furfrou	Furfrou
Natural Form	Normal
#0677	Espurr	Espurr
Psychic
#0678	Meowstic	Meowstic
Male	Psychic
Meowstic	Meowstic
Female	Psychic
#0679	Honedge	Honedge
Steel	Ghost
#0680	Doublade	Doublade
Steel	Ghost
#0681	Aegislash	Aegislash
Shield Forme	Steel	Ghost
Aegislash	Aegislash
Blade Forme	Steel	Ghost
#0682	Spritzee	Spritzee
Fairy
#0683	Aromatisse	Aromatisse
Fairy
#0684	Swirlix	Swirlix
Fairy
#0685	Slurpuff	Slurpuff
Fairy
#0686	Inkay	Inkay
Dark	Psychic
#0687	Malamar	Malamar
Dark	Psychic
#0688	Binacle	Binacle
Rock	Water
#0689	Barbaracle	Barbaracle
Rock	Water
#0690	Skrelp	Skrelp
Poison	Water
#0691	Dragalge	Dragalge
Poison	Dragon
#0692	Clauncher	Clauncher
Water
#0693	Clawitzer	Clawitzer
Water
#0694	Helioptile	Helioptile
Electric	Normal
#0695	Heliolisk	Heliolisk
Electric	Normal
#0696	Tyrunt	Tyrunt
Rock	Dragon
#0697	Tyrantrum	Tyrantrum
Rock	Dragon
#0698	Amaura	Amaura
Rock	Ice
#0699	Aurorus	Aurorus
Rock	Ice
#0700	Sylveon	Sylveon
Fairy
#0701	Hawlucha	Hawlucha
Fighting	Flying
#0702	Dedenne	Dedenne
Electric	Fairy
#0703	Carbink	Carbink
Rock	Fairy
#0704	Goomy	Goomy
Dragon
#0705	Sliggoo	Sliggoo
Dragon
Sliggoo	Sliggoo
Hisuian Form	Steel	Dragon
#0706	Goodra	Goodra
Dragon
Goodra	Goodra
Hisuian Form	Steel	Dragon
#0707	Klefki	Klefki
Steel	Fairy
#0708	Phantump	Phantump
Ghost	Grass
#0709	Trevenant	Trevenant
Ghost	Grass
#0710	Pumpkaboo	Pumpkaboo
Ghost	Grass
#0711	Gourgeist	Gourgeist
Ghost	Grass
#0712	Bergmite	Bergmite
Ice
#0713	Avalugg	Avalugg
Ice
Avalugg	Avalugg
Hisuian Form	Ice	Rock
#0714	Noibat	Noibat
Flying	Dragon
#0715	Noivern	Noivern
Flying	Dragon
#0716	Xerneas	Xerneas
Neutral Mode	Fairy
Xerneas	Xerneas
Active Mode	Fairy
#0717	Yveltal	Yveltal
Dark	Flying
#0718	Zygarde	Zygarde
50% Forme	Dragon	Ground
Zygarde	Zygarde
10% Forme	Dragon	Ground
Zygarde	Zygarde
Complete Forme	Dragon	Ground
#0719	Diancie	Diancie
Rock	Fairy
#0720	Hoopa	Hoopa
Confined	Psychic	Ghost
Hoopa	Hoopa
Unbound	Psychic	Dark
#0721	Volcanion	Volcanion
Fire	Water
#0722	Rowlet	Rowlet
Grass	Flying
#0723	Dartrix	Dartrix
Grass	Flying
#0724	Decidueye	Decidueye
Grass	Ghost
Decidueye	Decidueye
Hisuian Form	Grass	Fighting
#0725	Litten	Litten
Fire
#0726	Torracat	Torracat
Fire
#0727	Incineroar	Incineroar
Fire	Dark
#0728	Popplio	Popplio
Water
#0729	Brionne	Brionne
Water
#0730	Primarina	Primarina
Water	Fairy
#0731	Pikipek	Pikipek
Normal	Flying
#0732	Trumbeak	Trumbeak
Normal	Flying
#0733	Toucannon	Toucannon
Normal	Flying
#0734	Yungoos	Yungoos
Normal
#0735	Gumshoos	Gumshoos
Normal
#0736	Grubbin	Grubbin
Bug
#0737	Charjabug	Charjabug
Bug	Electric
#0738	Vikavolt	Vikavolt
Bug	Electric
#0739	Crabrawler	Crabrawler
Fighting
#0740	Crabominable	Crabominable
Fighting	Ice
#0741	Oricorio	Oricorio
Baile Style	Fire	Flying
Oricorio	Oricorio
Pom-Pom Style	Electric	Flying
Oricorio	Oricorio
Pa'u Style	Psychic	Flying
Oricorio	Oricorio
Sensu Style	Ghost	Flying
#0742	Cutiefly	Cutiefly
Bug	Fairy
#0743	Ribombee	Ribombee
Bug	Fairy
#0744	Rockruff	Rockruff
Rock
#0745	Lycanroc	Lycanroc
Midday Form	Rock
Lycanroc	Lycanroc
Midnight Form	Rock
Lycanroc	Lycanroc
Dusk Form	Rock
#0746	Wishiwashi	Wishiwashi
Solo Form	Water
Wishiwashi	Wishiwashi
School Form	Water
#0747	Mareanie	Mareanie
Poison	Water
#0748	Toxapex	Toxapex
Poison	Water
#0749	Mudbray	Mudbray
Ground
#0750	Mudsdale	Mudsdale
Ground
#0751	Dewpider	Dewpider
Water	Bug
#0752	Araquanid	Araquanid
Water	Bug
#0753	Fomantis	Fomantis
Grass
#0754	Lurantis	Lurantis
Grass
#0755	Morelull	Morelull
Grass	Fairy
#0756	Shiinotic	Shiinotic
Grass	Fairy
#0757	Salandit	Salandit
Poison	Fire
#0758	Salazzle	Salazzle
Poison	Fire
#0759	Stufful	Stufful
Normal	Fighting
#0760	Bewear	Bewear
Normal	Fighting
#0761	Bounsweet	Bounsweet
Grass
#0762	Steenee	Steenee
Grass
#0763	Tsareena	Tsareena
Grass
#0764	Comfey	Comfey
Fairy
#0765	Oranguru	Oranguru
Normal	Psychic
#0766	Passimian	Passimian
Fighting
#0767	Wimpod	Wimpod
Bug	Water
#0768	Golisopod	Golisopod
Bug	Water
#0769	Sandygast	Sandygast
Ghost	Ground
#0770	Palossand	Palossand
Ghost	Ground
#0771	Pyukumuku	Pyukumuku
Water
#0772	Type: Null	Type: Null
Normal
#0773	Silvally	Silvally
Type: Normal	Normal
#0774	Minior	Minior
Meteor Form	Rock	Flying
Minior	Minior
Red Core	Rock	Flying
#0775	Komala	Komala
Normal
#0776	Turtonator	Turtonator
Fire	Dragon
#0777	Togedemaru	Togedemaru
Electric	Steel
#0778	Mimikyu	Mimikyu
Disguised Form	Ghost	Fairy
Mimikyu	Mimikyu
Busted Form	Ghost	Fairy
#0779	Bruxish	Bruxish
Water	Psychic
#0780	Drampa	Drampa
Normal	Dragon
#0781	Dhelmise	Dhelmise
Ghost	Grass
#0782	Jangmo-o	Jangmo-o
Dragon
#0783	Hakamo-o	Hakamo-o
Dragon	Fighting
#0784	Kommo-o	Kommo-o
Dragon	Fighting
#0785	Tapu Koko	Tapu Koko
Electric	Fairy
#0786	Tapu Lele	Tapu Lele
Psychic	Fairy
#0787	Tapu Bulu	Tapu Bulu
Grass	Fairy
#0788	Tapu Fini	Tapu Fini
Water	Fairy
#0789	Cosmog	Cosmog
Psychic
#0790	Cosmoem	Cosmoem
Psychic
#0791	Solgaleo	Solgaleo
Psychic	Steel
#0792	Lunala	Lunala
Psychic	Ghost
#0793	Nihilego	Nihilego
Rock	Poison
#0794	Buzzwole	Buzzwole
Bug	Fighting
#0795	Pheromosa	Pheromosa
Bug	Fighting
#0796	Xurkitree	Xurkitree
Electric
#0797	Celesteela	Celesteela
Steel	Flying
#0798	Kartana	Kartana
Grass	Steel
#0799	Guzzlord	Guzzlord
Dark	Dragon
#0800	Necrozma	Necrozma
Psychic
Necrozma	Necrozma
Dusk Mane	Psychic	Steel
Necrozma	Necrozma
Dawn Wings	Psychic	Ghost
#0801	Magearna	Magearna
Steel	Fairy
#0802	Marshadow	Marshadow
Fighting	Ghost
#0803	Poipole	Poipole
Poison
#0804	Naganadel	Naganadel
Poison	Dragon
#0805	Stakataka	Stakataka
Rock	Steel
#0806	Blacephalon	Blacephalon
Fire	Ghost
#0807	Zeraora	Zeraora
Electric
#0808	Meltan	Meltan
Steel
#0809	Melmetal	Melmetal
Steel
#0810	Grookey	Grookey
Grass
#0811	Thwackey	Thwackey
Grass
#0812	Rillaboom	Rillaboom
Grass
#0813	Scorbunny	Scorbunny
Fire
#0814	Raboot	Raboot
Fire
#0815	Cinderace	Cinderace
Fire
#0816	Sobble	Sobble
Water
#0817	Drizzile	Drizzile
Water
#0818	Inteleon	Inteleon
Water
#0819	Skwovet	Skwovet
Normal
#0820	Greedent	Greedent
Normal
#0821	Rookidee	Rookidee
Flying
#0822	Corvisquire	Corvisquire
Flying
#0823	Corviknight	Corviknight
Flying	Steel
#0824	Blipbug	Blipbug
Bug
#0825	Dottler	Dottler
Bug	Psychic
#0826	Orbeetle	Orbeetle
Bug	Psychic
#0827	Nickit	Nickit
Dark
#0828	Thievul	Thievul
Dark
#0829	Gossifleur	Gossifleur
Grass
#0830	Eldegoss	Eldegoss
Grass
#0831	Wooloo	Wooloo
Normal
#0832	Dubwool	Dubwool
Normal
#0833	Chewtle	Chewtle
Water
#0834	Drednaw	Drednaw
Water	Rock
#0835	Yamper	Yamper
Electric
#0836	Boltund	Boltund
Electric
#0837	Rolycoly	Rolycoly
Rock
#0838	Carkol	Carkol
Rock	Fire
#0839	Coalossal	Coalossal
Rock	Fire
#0840	Applin	Applin
Grass	Dragon
#0841	Flapple	Flapple
Grass	Dragon
#0842	Appletun	Appletun
Grass	Dragon
#0843	Silicobra	Silicobra
Ground
#0844	Sandaconda	Sandaconda
Ground
#0845	Cramorant	Cramorant
Flying	Water
Cramorant	Cramorant
Gulping Form	Flying	Water
Cramorant	Cramorant
Gorging Form	Flying	Water
#0846	Arrokuda	Arrokuda
Water
#0847	Barraskewda	Barraskewda
Water
#0848	Toxel	Toxel
Electric	Poison
#0849	Toxtricity	Toxtricity
Amped Form	Electric	Poison
Toxtricity	Toxtricity
Low Key Form	Electric	Poison
#0850	Sizzlipede	Sizzlipede
Fire	Bug
#0851	Centiskorch	Centiskorch
Fire	Bug
#0852	Clobbopus	Clobbopus
Fighting
#0853	Grapploct	Grapploct
Fighting
#0854	Sinistea	Sinistea
Ghost
#0855	Polteageist	Polteageist
Ghost
#0856	Hatenna	Hatenna
Psychic
#0857	Hattrem	Hattrem
Psychic
#0858	Hatterene	Hatterene
Psychic	Fairy
#0859	Impidimp	Impidimp
Dark	Fairy
#0860	Morgrem	Morgrem
Dark	Fairy
#0861	Grimmsnarl	Grimmsnarl
Dark	Fairy
#0862	Obstagoon	Obstagoon
Dark	Normal
#0863	Perrserker	Perrserker
Steel
#0864	Cursola	Cursola
Ghost
#0865	Sirfetch'd	Sirfetch'd
Fighting
#0866	Mr. Rime	Mr. Rime
Ice	Psychic
#0867	Runerigus	Runerigus
Ground	Ghost
#0868	Milcery	Milcery
Fairy
#0869	Alcremie	Alcremie
Vanilla Cream	Fairy
#0870	Falinks	Falinks
Fighting
#0871	Pincurchin	Pincurchin
Electric
#0872	Snom	Snom
Ice	Bug
#0873	Frosmoth	Frosmoth
Ice	Bug
#0874	Stonjourner	Stonjourner
Rock
#0875	Eiscue	Eiscue
Ice Face	Ice
Eiscue	Eiscue
Noice Face	Ice
#0876	Indeedee	Indeedee
Male	Psychic	Normal
Indeedee	Indeedee
Female	Psychic	Normal
#0877	Morpeko	Morpeko
Full Belly Mode	Electric	Dark
Morpeko	Morpeko
Hangry Mode	Electric	Dark
#0878	Cufant	Cufant
Steel
#0879	Copperajah	Copperajah
Steel
#0880	Dracozolt	Dracozolt
Electric	Dragon
#0881	Arctozolt	Arctozolt
Electric	Ice
#0882	Dracovish	Dracovish
Water	Dragon
#0883	Arctovish	Arctovish
Water	Ice
#0884	Duraludon	Duraludon
Steel	Dragon
#0885	Dreepy	Dreepy
Dragon	Ghost
#0886	Drakloak	Drakloak
Dragon	Ghost
#0887	Dragapult	Dragapult
Dragon	Ghost
#0888	Zacian	Zacian
Hero of Many Battles	Fairy
Zacian	Zacian
Crowned	Fairy	Steel
#0889	Zamazenta	Zamazenta
Hero of Many Battles	Fighting
Zamazenta	Zamazenta
Crowned	Fighting	Steel
#0890	Eternatus	Eternatus
Poison	Dragon
#0891	Kubfu	Kubfu
Fighting
#0892	Urshifu	Urshifu
Single Strike Style	Fighting	Dark
Urshifu	Urshifu
Rapid Strike Style	Fighting	Water
#0893	Zarude	Zarude
Dark	Grass
#0894	Regieleki	Regieleki
Electric
#0895	Regidrago	Regidrago
Dragon
#0896	Glastrier	Glastrier
Ice
#0897	Spectrier	Spectrier
Ghost
#0898	Calyrex	Calyrex
Psychic	Grass
Calyrex	Calyrex
Ice Rider	Psychic	Ice
Calyrex	Calyrex
Shadow Rider	Psychic	Ghost
#0899	Wyrdeer	Wyrdeer
Normal	Psychic
#0900	Kleavor	Kleavor
Bug	Rock
#0901	Ursaluna	Ursaluna
Ground	Normal
#0902	Basculegion	Basculegion
Male	Water	Ghost
Basculegion	Basculegion
Female	Water	Ghost
#0903	Sneasler	Sneasler
Fighting	Poison
#0904	Overqwil	Overqwil
Dark	Poison
#0905	Enamorus	Enamorus
Incarnate Forme	Fairy	Flying
Enamorus	Enamorus
Therian Forme	Fairy	Flying
#0906	Sprigatito	Sprigatito
Grass
#0907	Floragato	Floragato
Grass
#0908	Meowscarada	Meowscarada
Grass	Dark
#0909	Fuecoco	Fuecoco
Fire
#0910	Crocalor	Crocalor
Fire
#0911	Skeledirge	Skeledirge
Fire	Ghost
#0912	Quaxly	Quaxly
Water
#0913	Quaxwell	Quaxwell
Water
#0914	Quaquaval	Quaquaval
Water	Fighting
#0915	Lechonk	Lechonk
Normal
#0916	Oinkologne	Oinkologne
Male	Normal
Oinkologne	Oinkologne
Female	Normal
#0917	Tarountula	Tarountula
Bug
#0918	Spidops	Spidops
Bug
#0919	Nymble	Nymble
Bug
#0920	Lokix	Lokix
Bug	Dark
#0921	Pawmi	Pawmi
Electric
#0922	Pawmo	Pawmo
Electric	Fighting
#0923	Pawmot	Pawmot
Electric	Fighting
#0924	Tandemaus	Tandemaus
Normal
#0925	Maushold	Maushold
Family of Three	Normal
Maushold	Maushold
Family of Four	Normal
#0926	Fidough	Fidough
Fairy
#0927	Dachsbun	Dachsbun
Fairy
#0928	Smoliv	Smoliv
Grass	Normal
#0929	Dolliv	Dolliv
Grass	Normal
#0930	Arboliva	Arboliva
Grass	Normal
#0931	Squawkabilly	Squawkabilly
Green Plumage	Normal	Flying
Squawkabilly	Squawkabilly
Blue Plumage	Normal	Flying
Squawkabilly	Squawkabilly
Yellow Plumage	Normal	Flying
Squawkabilly	Squawkabilly
White Plumage	Normal	Flying
#0932	Nacli	Nacli
Rock
#0933	Naclstack	Naclstack
Rock
#0934	Garganacl	Garganacl
Rock
#0935	Charcadet	Charcadet
Fire
#0936	Armarouge	Armarouge
Fire	Psychic
#0937	Ceruledge	Ceruledge
Fire	Ghost
#0938	Tadbulb	Tadbulb
Electric
#0939	Bellibolt	Bellibolt
Electric
#0940	Wattrel	Wattrel
Electric	Flying
#0941	Kilowattrel	Kilowattrel
Electric	Flying
#0942	Maschiff	Maschiff
Dark
#0943	Mabosstiff	Mabosstiff
Dark
#0944	Shroodle	Shroodle
Poison	Normal
#0945	Grafaiai	Grafaiai
Poison	Normal
#0946	Bramblin	Bramblin
Grass	Ghost
#0947	Brambleghast	Brambleghast
Grass	Ghost
#0948	Toedscool	Toedscool
Ground	Grass
#0949	Toedscruel	Toedscruel
Ground	Grass
#0950	Klawf	Klawf
Rock
#0951	Capsakid	Capsakid
Grass
#0952	Scovillain	Scovillain
Grass	Fire
#0953	Rellor	Rellor
Bug
#0954	Rabsca	Rabsca
Bug	Psychic
#0955	Flittle	Flittle
Psychic
#0956	Espathra	Espathra
Psychic
#0957	Tinkatink	Tinkatink
Fairy	Steel
#0958	Tinkatuff	Tinkatuff
Fairy	Steel
#0959	Tinkaton	Tinkaton
Fairy	Steel
#0960	Wiglett	Wiglett
Water
#0961	Wugtrio	Wugtrio
Water
#0962	Bombirdier	Bombirdier
Flying	Dark
#0963	Finizen	Finizen
Water
#0964	Palafin	Palafin
Zero Form	Water
Palafin	Palafin
Hero Form	Water
#0965	Varoom	Varoom
Steel	Poison
#0966	Revavroom	Revavroom
Steel	Poison
#0967	Cyclizar	Cyclizar
Dragon	Normal
#0968	Orthworm	Orthworm
Steel
#0969	Glimmet	Glimmet
Rock	Poison
#0970	Glimmora	Glimmora
Rock	Poison
#0971	Greavard	Greavard
Ghost
#0972	Houndstone	Houndstone
Ghost
#0973	Flamigo	Flamigo
Flying	Fighting
#0974	Cetoddle	Cetoddle
Ice
#0975	Cetitan	Cetitan
Ice
#0976	Veluza	Veluza
Water	Psychic
#0977	Dondozo	Dondozo
Water
#0978	Tatsugiri	Tatsugiri
Curly Form	Dragon	Water
Tatsugiri	Tatsugiri
Droopy Form	Dragon	Water
Tatsugiri	Tatsugiri
Stretchy Form	Dragon	Water
#0979	Annihilape	Annihilape
Fighting	Ghost
#0980	Clodsire	Clodsire
Poison	Ground
#0981	Farigiraf	Farigiraf
Normal	Psychic
#0982	Dudunsparce	Dudunsparce
Two-Segment Form	Normal
Dudunsparce	Dudunsparce
Three-Segment Form	Normal
#0983	Kingambit	Kingambit
Dark	Steel
#0984	Great Tusk	Great Tusk
Ground	Fighting
#0985	Scream Tail	Scream Tail
Fairy	Psychic
#0986	Brute Bonnet	Brute Bonnet
Grass	Dark
#0987	Flutter Mane	Flutter Mane
Ghost	Fairy
#0988	Slither Wing	Slither Wing
Bug	Fighting
#0989	Sandy Shocks	Sandy Shocks
Electric	Ground
#0990	Iron Treads	Iron Treads
Ground	Steel
#0991	Iron Bundle	Iron Bundle
Ice	Water
#0992	Iron Hands	Iron Hands
Fighting	Electric
#0993	Iron Jugulis	Iron Jugulis
Dark	Flying
#0994	Iron Moth	Iron Moth
Fire	Poison
#0995	Iron Thorns	Iron Thorns
Rock	Electric
#0996	Frigibax	Frigibax
Dragon	Ice
#0997	Arctibax	Arctibax
Dragon	Ice
#0998	Baxcalibur	Baxcalibur
Dragon	Ice
#0999	Gimmighoul	Gimmighoul
Chest Form	Ghost
Gimmighoul	Gimmighoul
Roaming Form	Ghost
#1000	Gholdengo	Gholdengo
Steel	Ghost
#1001	Wo-Chien	Wo-Chien
Dark	Grass
#1002	Chien-Pao	Chien-Pao
Dark	Ice
#1003	Ting-Lu	Ting-Lu
Dark	Ground
#1004	Chi-Yu	Chi-Yu
Dark	Fire
#1005	Roaring Moon	Roaring Moon
Dragon	Dark
#1006	Iron Valiant	Iron Valiant
Fairy	Fighting
#1007	Koraidon	Koraidon
Apex Build	Fighting	Dragon
#1008	Miraidon	Miraidon
Ultimate Mode	Electric	Dragon
#1009	Walking Wake	Walking Wake
Water	Dragon
#1010	Iron Leaves	Iron Leaves
Grass	Psychic
#1011	Dipplin	Dipplin
Grass	Dragon
#1012	Poltchageist	Poltchageist
Grass	Ghost
#1013	Sinistcha	Sinistcha
Grass	Ghost
#1014	Okidogi	Okidogi
Poison	Fighting
#1015	Munkidori	Munkidori
Poison	Psychic
#1016	Fezandipiti	Fezandipiti
Poison	Fairy
#1017	Ogerpon	Ogerpon
Teal Mask	Grass
Ogerpon	Ogerpon
Wellspring Mask	Grass	Water
Ogerpon	Ogerpon
Hearthflame Mask	Grass	Fire
Ogerpon	Ogerpon
Cornerstone Mask	Grass	Rock
#1018	Archaludon	Archaludon
Steel	Dragon
#1019	Hydrapple	Hydrapple
Grass	Dragon
#1020	Gouging Fire	Gouging Fire
Fire	Dragon
#1021	Raging Bolt	Raging Bolt
Electric	Dragon
#1022	Iron Boulder	Iron Boulder
Rock	Psychic
#1023	Iron Crown	Iron Crown
Steel	Psychic
#1024	Terapagos	Terapagos
Normal Form	Normal
Terapagos	Terapagos
Terastal Form	Normal
#1025	Pecharunt	Pecharunt
Poison	Ghost
