0001	Bulbasaur	Bulbasaur
Overgrow		Chlorophyll
0002	Ivysaur	Ivysaur
Overgrow		Chlorophyll
0003	Venusaur	Venusaur
Overgrow		Chlorophyll
0003	Venusaur	Venusaur
Mega Venusaur	Thick Fat		
0004	Charmander	Charmander
Blaze		Solar Power
0005	Charmeleon	Charmeleon
Blaze		Solar Power
0006	Charizard	Charizard
Blaze		Solar Power
0006	Charizard	Charizard
Mega Charizard X	Tough Claws		
0006	Charizard	Charizard
Mega Charizard Y	Drought		
0007	Squirtle	Squirtle
Torrent		Rain Dish
0008	Wartortle	Wartortle
Torrent		Rain Dish
0009	Blastoise	Blastoise
Torrent		Rain Dish
0009	Blastoise	Blastoise
Mega Blastoise	Mega Launcher		
0010	Caterpie	Caterpie
Shield Dust		Run Away
0011	Metapod	Metapod
Shed Skin		
0012	Butterfree	Butterfree
Compound Eyes		Tinted Lens
0013	Weedle	Weedle
Shield Dust		Run Away
0014	Kakuna	Kakuna
Shed Skin		
0015	Beedrill	Beedrill
Swarm		Sniper
0015	Beedrill	Beedrill
Mega Beedrill	Adaptability		
0016	Pidgey	Pidgey
Keen Eye	Tangled FeetGen IV+	Big Pecks
0017	Pidgeotto	Pidgeotto
Keen Eye	Tangled FeetGen IV+	Big Pecks
0018	Pidgeot	Pidgeot
Keen Eye	Tangled FeetGen IV+	Big Pecks
0018	Pidgeot	Pidgeot
Mega Pidgeot	No Guard		
0019	Rattata	Rattata
Run Away	Guts	Hustle
0019	Rattata	Rattata
Alolan Rattata	Gluttony	Hustle	Thick Fat
0020	Raticate	Raticate
Run Away	Guts	Hustle
0020	Raticate	Raticate
Alolan Raticate	Gluttony	Hustle	Thick Fat
0021	Spearow	Spearow
Keen Eye		Sniper
0022	Fearow	Fearow
Keen Eye		Sniper
0023	Ekans	Ekans
Intimidate	Shed Skin	Unnerve
0024	Arbok	Arbok
Intimidate	Shed Skin	Unnerve
0172	Pichu	Pichu
Static		Lightning Rod
0025	Pikachu	Pikachu
Static		Lightning Rod
0026	Raichu	Raichu
Static		Lightning Rod
0026	Raichu	Raichu
Alolan Raichu	Surge Surfer		
0027	Sandshrew	Sandshrew
Sand Veil		Sand Rush
0027	Sandshrew	Sandshrew
Alolan Sandshrew	Snow Cloak		Slush Rush
0028	Sandslash	Sandslash
Sand Veil		Sand Rush
0028	Sandslash	Sandslash
Alolan Sandslash	Snow Cloak		Slush Rush
0029	Nidoran♀	Nidoran♀
Poison Point	RivalryGen IV+	Hustle
0030	Nidorina	Nidorina
Poison Point	RivalryGen IV+	Hustle
0031	Nidoqueen	Nidoqueen
Poison Point	RivalryGen IV+	Sheer Force
0032	Nidoran♂	Nidoran♂
Poison Point	RivalryGen IV+	Hustle
0033	Nidorino	Nidorino
Poison Point	RivalryGen IV+	Hustle
0034	Nidoking	Nidoking
Poison Point	RivalryGen IV+	Sheer Force
0173	Cleffa	Cleffa
Cute Charm	Magic GuardGen IV+	Friend Guard
0035	Clefairy	Clefairy
Cute Charm	Magic GuardGen IV+	Friend Guard
0036	Clefable	Clefable
Cute Charm	Magic GuardGen IV+	Unaware
0037	Vulpix	Vulpix
Flash Fire		Drought
0037	Vulpix	Vulpix
Alolan Vulpix	Snow Cloak		Snow Warning
0038	Ninetales	Ninetales
Flash Fire		Drought
0038	Ninetales	Ninetales
Alolan Ninetales	Snow Cloak		Snow Warning
0174	Igglybuff	Igglybuff
Cute Charm	CompetitiveGen VI+	Friend Guard
0039	Jigglypuff	Jigglypuff
Cute Charm	CompetitiveGen VI+	Friend Guard
0040	Wigglytuff	Wigglytuff
Cute Charm	CompetitiveGen VI+	Frisk
0041	Zubat	Zubat
Inner Focus		Infiltrator
0042	Golbat	Golbat
Inner Focus		Infiltrator
0169	Crobat	Crobat
Inner Focus		Infiltrator
0043	Oddish	Oddish
Chlorophyll		Run Away
0044	Gloom	Gloom
Chlorophyll		Stench
0045	Vileplume	Vileplume
Chlorophyll		Effect Spore
0182	Bellossom	Bellossom
Chlorophyll		Healer
0046	Paras	Paras
Effect Spore	Dry SkinGen IV+	Damp
0047	Parasect	Parasect
Effect Spore	Dry SkinGen IV+	Damp
0048	Venonat	Venonat
Compound Eyes	Tinted LensGen IV+	Run Away
0049	Venomoth	Venomoth
Shield Dust	Tinted LensGen IV+	Wonder Skin
0050	Diglett	Diglett
Sand Veil	Arena Trap	Sand Force
0050	Diglett	Diglett
Alolan Diglett	Sand Veil	Tangling Hair	Sand Force
0051	Dugtrio	Dugtrio
Sand Veil	Arena Trap	Sand Force
0051	Dugtrio	Dugtrio
Alolan Dugtrio	Sand Veil	Tangling Hair	Sand Force
0052	Meowth	Meowth
Pickup	TechnicianGen IV+	Unnerve
0052	Meowth	Meowth
Alolan Meowth	Pickup	Technician	Rattled
0052	Meowth	Meowth
Galarian Meowth	Pickup	Tough Claws	Unnerve
0053	Persian	Persian
Limber	TechnicianGen IV+	Unnerve
0053	Persian	Persian
Alolan Persian	Fur Coat	Technician	Rattled
0863	Perrserker	Perrserker
Battle Armor	Tough Claws	Steely Spirit
0054	Psyduck	Psyduck
Damp	Cloud Nine	Swift Swim
0055	Golduck	Golduck
Damp	Cloud Nine	Swift Swim
0056	Mankey	Mankey
Vital Spirit	Anger PointGen IV+	Defiant
0057	Primeape	Primeape
Vital Spirit	Anger PointGen IV+	Defiant
0979	Annihilape	Annihilape
Vital Spirit	Inner Focus	Defiant
0058	Growlithe	Growlithe
Intimidate	Flash Fire	Justified
0058	Growlithe	Growlithe*
Hisuian Growlithe	Intimidate	Flash Fire	Rock HeadGen IX+
0059	Arcanine	Arcanine
Intimidate	Flash Fire	Justified
0059	Arcanine	Arcanine*
Hisuian Arcanine	Intimidate	Flash Fire	Rock HeadGen IX+
0060	Poliwag	Poliwag
Water Absorb	Damp	Swift Swim
0061	Poliwhirl	Poliwhirl
Water Absorb	Damp	Swift Swim
0062	Poliwrath	Poliwrath
Water Absorb	Damp	Swift Swim
0186	Politoed	Politoed
Water Absorb	Damp	Drizzle
0063	Abra	Abra
Synchronize	Inner Focus	Magic Guard
0064	Kadabra	Kadabra
Synchronize	Inner Focus	Magic Guard
0065	Alakazam	Alakazam
Synchronize	Inner Focus	Magic Guard
0065	Alakazam	Alakazam
Mega Alakazam	Trace		
0066	Machop	Machop
Guts	No GuardGen IV+	Steadfast
0067	Machoke	Machoke
Guts	No GuardGen IV+	Steadfast
0068	Machamp	Machamp
Guts	No GuardGen IV+	Steadfast
0069	Bellsprout	Bellsprout
Chlorophyll		Gluttony
0070	Weepinbell	Weepinbell
Chlorophyll		Gluttony
0071	Victreebel	Victreebel
Chlorophyll		Gluttony
0072	Tentacool	Tentacool
Clear Body	Liquid Ooze	Rain Dish
0073	Tentacruel	Tentacruel
Clear Body	Liquid Ooze	Rain Dish
0074	Geodude	Geodude
Rock Head	Sturdy	Sand Veil
0074	Geodude	Geodude
Alolan Geodude	Magnet Pull	Sturdy	Galvanize
0075	Graveler	Graveler
Rock Head	Sturdy	Sand Veil
0075	Graveler	Graveler
Alolan Graveler	Magnet Pull	Sturdy	Galvanize
0076	Golem	Golem
Rock Head	Sturdy	Sand Veil
0076	Golem	Golem
Alolan Golem	Magnet Pull	Sturdy	Galvanize
0077	Ponyta	Ponyta
Run Away	Flash Fire	Flame Body
0077	Ponyta	Ponyta
Galarian Ponyta	Run Away	Pastel Veil	Anticipation
0078	Rapidash	Rapidash
Run Away	Flash Fire	Flame Body
0078	Rapidash	Rapidash
Galarian Rapidash	Run Away	Pastel Veil	Anticipation
0079	Slowpoke	Slowpoke
Oblivious	Own Tempo	Regenerator
0079	Slowpoke	Slowpoke
Galarian Slowpoke	Gluttony	Own Tempo	Regenerator
0080	Slowbro	Slowbro
Oblivious	Own Tempo	Regenerator
0080	Slowbro	Slowbro
Mega Slowbro	Shell Armor		
0080	Slowbro	Slowbro
Galarian Slowbro	Quick Draw	Own Tempo	Regenerator
0199	Slowking	Slowking
Oblivious	Own Tempo	Regenerator
0199	Slowking	Slowking
Galarian Slowking	Curious Medicine	Own Tempo	Regenerator
0081	Magnemite	Magnemite
Magnet Pull	Sturdy	Analytic
0082	Magneton	Magneton
Magnet Pull	Sturdy	Analytic
0462	Magnezone	Magnezone
Magnet Pull	Sturdy	Analytic
0083	Farfetch'd	Farfetch'd
Keen Eye	Inner Focus	Defiant
0083	Farfetch'd	Farfetch'd
Galarian Farfetch'd	Steadfast		Scrappy
0865	Sirfetch'd	Sirfetch'd
Steadfast		Scrappy
0084	Doduo	Doduo
Run Away	Early Bird	Tangled Feet
0085	Dodrio	Dodrio
Run Away	Early Bird	Tangled Feet
0086	Seel	Seel
Thick Fat	HydrationGen IV+	Ice Body
0087	Dewgong	Dewgong
Thick Fat	HydrationGen IV+	Ice Body
0088	Grimer	Grimer
Stench	Sticky Hold	Poison Touch
0088	Grimer	Grimer
Alolan Grimer	Poison Touch	Gluttony	Power of Alchemy
0089	Muk	Muk
Stench	Sticky Hold	Poison Touch
0089	Muk	Muk
Alolan Muk	Poison Touch	Gluttony	Power of Alchemy
0090	Shellder	Shellder
Shell Armor	Skill LinkGen IV+	Overcoat
0091	Cloyster	Cloyster
Shell Armor	Skill LinkGen IV+	Overcoat
0092	Gastly	Gastly
Levitate		
0093	Haunter	Haunter
Levitate		
0094	Gengar	Gengar*
Cursed BodyGen VII+		
0094	Gengar	Gengar
Mega Gengar	Shadow Tag		
0095	Onix	Onix
Rock Head	Sturdy	Weak Armor
0208	Steelix	Steelix
Rock Head	Sturdy	Sheer Force
0208	Steelix	Steelix
Mega Steelix	Sand Force		
0096	Drowzee	Drowzee
Insomnia	ForewarnGen IV+	Inner Focus
0097	Hypno	Hypno
Insomnia	ForewarnGen IV+	Inner Focus
0098	Krabby	Krabby
Hyper Cutter	Shell Armor	Sheer Force
0099	Kingler	Kingler
Hyper Cutter	Shell Armor	Sheer Force
0100	Voltorb	Voltorb
Soundproof	Static	Aftermath
0100	Voltorb	Voltorb
Hisuian Voltorb	Soundproof	Static	Aftermath
0101	Electrode	Electrode
Soundproof	Static	Aftermath
0101	Electrode	Electrode
Hisuian Electrode	Soundproof	Static	Aftermath
0102	Exeggcute	Exeggcute
Chlorophyll		Harvest
0103	Exeggutor	Exeggutor
Chlorophyll		Harvest
0103	Exeggutor	Exeggutor
Alolan Exeggutor	Frisk		Harvest
0104	Cubone	Cubone
Rock Head	Lightning Rod	Battle Armor
0105	Marowak	Marowak
Rock Head	Lightning Rod	Battle Armor
0105	Marowak	Marowak
Alolan Marowak	Cursed Body	Lightning Rod	Rock Head
0236	Tyrogue	Tyrogue
Guts	SteadfastGen IV+	Vital Spirit
0106	Hitmonlee	Hitmonlee
Limber	RecklessGen IV+	Unburden
0107	Hitmonchan	Hitmonchan
Keen Eye	Iron FistGen IV+	Inner Focus
0237	Hitmontop	Hitmontop
Intimidate	TechnicianGen IV+	Steadfast
0108	Lickitung	Lickitung
Own Tempo	Oblivious	Cloud Nine
0463	Lickilicky	Lickilicky
Own Tempo	Oblivious	Cloud Nine
0109	Koffing	Koffing
Levitate	Neutralizing GasGen VIII+	StenchGen VIII+
0110	Weezing	Weezing
Levitate	Neutralizing GasGen VIII+	StenchGen VIII+
0110	Weezing	Weezing
Galarian Weezing	Levitate	Neutralizing Gas	Misty Surge
0111	Rhyhorn	Rhyhorn
Lightning Rod	Rock Head	Reckless
0112	Rhydon	Rhydon
Lightning Rod	Rock Head	Reckless
0464	Rhyperior	Rhyperior
Lightning Rod	Solid Rock	Reckless
0440	Happiny	Happiny
Natural Cure	Serene Grace	Friend Guard
0113	Chansey	Chansey
Natural Cure	Serene Grace	Healer
0242	Blissey	Blissey
Natural Cure	Serene Grace	Healer
0114	Tangela	Tangela
Chlorophyll	Leaf GuardGen IV+	Regenerator
0465	Tangrowth	Tangrowth
Chlorophyll	Leaf Guard	Regenerator
0115	Kangaskhan	Kangaskhan
Early Bird	ScrappyGen IV+	Inner Focus
0115	Kangaskhan	Kangaskhan
Mega Kangaskhan	Parental Bond		
0116	Horsea	Horsea
Swift Swim	SniperGen IV+	Damp
0117	Seadra	Seadra
Poison Point	SniperGen IV+	Damp
0230	Kingdra	Kingdra
Swift Swim	SniperGen IV+	Damp
0118	Goldeen	Goldeen
Swift Swim	Water Veil	Lightning Rod
0119	Seaking	Seaking
Swift Swim	Water Veil	Lightning Rod
0120	Staryu	Staryu
Illuminate	Natural Cure	Analytic
0121	Starmie	Starmie
Illuminate	Natural Cure	Analytic
0439	Mime Jr.	Mime Jr.
Soundproof	Filter	Technician
0122	Mr. Mime	Mr. Mime
Soundproof	FilterGen IV+	Technician
0122	Mr. Mime	Mr. Mime
Galarian Mr. Mime	Vital Spirit	Screen Cleaner	Ice Body
0866	Mr. Rime	Mr. Rime
Tangled Feet	Screen Cleaner	Ice Body
0123	Scyther	Scyther
Swarm	TechnicianGen IV+	Steadfast
0212	Scizor	Scizor
Swarm	TechnicianGen IV+	Light Metal
0212	Scizor	Scizor
Mega Scizor	Technician		
0900	Kleavor	Kleavor*
Swarm	Sheer Force	SharpnessGen IX+
0238	Smoochum	Smoochum
Oblivious	ForewarnGen IV+	Hydration
0124	Jynx	Jynx
Oblivious	ForewarnGen IV+	Dry Skin
0239	Elekid	Elekid
Static		Vital Spirit
0125	Electabuzz	Electabuzz
Static		Vital Spirit
0466	Electivire	Electivire
Motor Drive		Vital Spirit
0240	Magby	Magby
Flame Body		Vital Spirit
0126	Magmar	Magmar
Flame Body		Vital Spirit
0467	Magmortar	Magmortar
Flame Body		Vital Spirit
0127	Pinsir	Pinsir
Hyper Cutter	Mold BreakerGen IV+	Moxie
0127	Pinsir	Pinsir
Mega Pinsir	Aerilate		
0128	Tauros	Tauros
Intimidate	Anger PointGen IV+	Sheer Force
0128	Tauros	Tauros
Paldean Tauros
(Combat Breed)	Intimidate	Anger Point	Cud Chew
0128	Tauros	Tauros
Paldean Tauros
(Blaze Breed)	Intimidate	Anger Point	Cud Chew
0128	Tauros	Tauros
Paldean Tauros
(Aqua Breed)	Intimidate	Anger Point	Cud Chew
0129	Magikarp	Magikarp
Swift Swim		Rattled
0130	Gyarados	Gyarados
Intimidate		Moxie
0130	Gyarados	Gyarados
Mega Gyarados	Mold Breaker		
0131	Lapras	Lapras
Water Absorb	Shell Armor	Hydration
0132	Ditto	Ditto
Limber		Imposter
0133	Eevee	Eevee
Run Away	AdaptabilityGen IV+	Anticipation
0134	Vaporeon	Vaporeon
Water Absorb		Hydration
0135	Jolteon	Jolteon
Volt Absorb		Quick Feet
0136	Flareon	Flareon
Flash Fire		Guts
0196	Espeon	Espeon
Synchronize		Magic Bounce
0197	Umbreon	Umbreon
Synchronize		Inner Focus
0470	Leafeon	Leafeon
Leaf Guard		Chlorophyll
0471	Glaceon	Glaceon
Snow Cloak		Ice Body
0700	Sylveon	Sylveon
Cute Charm		Pixilate
0137	Porygon	Porygon
Trace	DownloadGen IV+	Analytic
0233	Porygon2	Porygon2
Trace	DownloadGen IV+	Analytic
0474	Porygon-Z	Porygon-Z
Adaptability	Download	Analytic
0138	Omanyte	Omanyte
Swift Swim	Shell Armor	Weak Armor
0139	Omastar	Omastar
Swift Swim	Shell Armor	Weak Armor
0140	Kabuto	Kabuto
Swift Swim	Battle Armor	Weak Armor
0141	Kabutops	Kabutops
Swift Swim	Battle Armor	Weak Armor
0142	Aerodactyl	Aerodactyl
Rock Head	Pressure	Unnerve
0142	Aerodactyl	Aerodactyl
Mega Aerodactyl	Tough Claws		
0446	Munchlax	Munchlax
Pickup	Thick Fat	Gluttony
0143	Snorlax	Snorlax
Immunity	Thick Fat	Gluttony
0144	Articuno	Articuno
Pressure		Snow Cloak
0144	Articuno	Articuno
Galarian Articuno	Competitive		
0145	Zapdos	Zapdos*
Pressure		StaticGen VI+
0145	Zapdos	Zapdos
Galarian Zapdos	Defiant		
0146	Moltres	Moltres
Pressure		Flame Body
0146	Moltres	Moltres
Galarian Moltres	Berserk		
0147	Dratini	Dratini
Shed Skin		Marvel Scale
0148	Dragonair	Dragonair
Shed Skin		Marvel Scale
0149	Dragonite	Dragonite
Inner Focus		Multiscale
0150	Mewtwo	Mewtwo
Pressure		Unnerve
0150	Mewtwo	Mewtwo
Mega Mewtwo X	Steadfast		
0150	Mewtwo	Mewtwo
Mega Mewtwo Y	Insomnia		
0151	Mew	Mew
Synchronize		
0152	Chikorita	Chikorita
Overgrow		Leaf Guard
0153	Bayleef	Bayleef
Overgrow		Leaf Guard
0154	Meganium	Meganium
Overgrow		Leaf Guard
0155	Cyndaquil	Cyndaquil
Blaze		Flash Fire
0156	Quilava	Quilava
Blaze		Flash Fire
0157	Typhlosion	Typhlosion
Blaze		Flash Fire
0157	Typhlosion	Typhlosion*
Hisuian Typhlosion	Blaze		FriskGen IX+
0158	Totodile	Totodile
Torrent		Sheer Force
0159	Croconaw	Croconaw
Torrent		Sheer Force
0160	Feraligatr	Feraligatr
Torrent		Sheer Force
0161	Sentret	Sentret
Run Away	Keen Eye	Frisk
0162	Furret	Furret
Run Away	Keen Eye	Frisk
0163	Hoothoot	Hoothoot
Insomnia	Keen Eye	Tinted Lens
0164	Noctowl	Noctowl
Insomnia	Keen Eye	Tinted Lens
0165	Ledyba	Ledyba
Swarm	Early Bird	Rattled
0166	Ledian	Ledian
Swarm	Early Bird	Iron Fist
0167	Spinarak	Spinarak
Swarm	Insomnia	Sniper
0168	Ariados	Ariados
Swarm	Insomnia	Sniper
0170	Chinchou	Chinchou
Volt Absorb	Illuminate	Water Absorb
0171	Lanturn	Lanturn
Volt Absorb	Illuminate	Water Absorb
0175	Togepi	Togepi
Hustle	Serene Grace	Super Luck
0176	Togetic	Togetic
Hustle	Serene Grace	Super Luck
0468	Togekiss	Togekiss
Hustle	Serene Grace	Super Luck
0177	Natu	Natu
Synchronize	Early Bird	Magic Bounce
0178	Xatu	Xatu
Synchronize	Early Bird	Magic Bounce
0179	Mareep	Mareep
Static		Plus
0180	Flaaffy	Flaaffy
Static		Plus
0181	Ampharos	Ampharos
Static		Plus
0181	Ampharos	Ampharos
Mega Ampharos	Mold Breaker		
0298	Azurill	Azurill
Thick Fat	Huge Power	Sap Sipper
0183	Marill	Marill
Thick Fat	Huge Power	Sap Sipper
0184	Azumarill	Azumarill
Thick Fat	Huge Power	Sap Sipper
0438	Bonsly	Bonsly
Sturdy	Rock Head	Rattled
0185	Sudowoodo	Sudowoodo
Sturdy	Rock Head	Rattled
0187	Hoppip	Hoppip
Chlorophyll	Leaf GuardGen IV+	Infiltrator
0188	Skiploom	Skiploom
Chlorophyll	Leaf GuardGen IV+	Infiltrator
0189	Jumpluff	Jumpluff
Chlorophyll	Leaf GuardGen IV+	Infiltrator
0190	Aipom	Aipom
Run Away	Pickup	Skill Link
0424	Ambipom	Ambipom
Technician	Pickup	Skill Link
0191	Sunkern	Sunkern
Chlorophyll	Solar PowerGen IV+	Early Bird
0192	Sunflora	Sunflora
Chlorophyll	Solar PowerGen IV+	Early Bird
0193	Yanma	Yanma
Speed Boost	Compound Eyes	Frisk
0469	Yanmega	Yanmega
Speed Boost	Tinted Lens	Frisk
0194	Wooper	Wooper
Damp	Water Absorb	Unaware
0194	Wooper	Wooper
Paldean Wooper	Poison Point	Water Absorb	Unaware
0195	Quagsire	Quagsire
Damp	Water Absorb	Unaware
0980	Clodsire	Clodsire
Poison Point	Water Absorb	Unaware
0198	Murkrow	Murkrow
Insomnia	Super LuckGen IV+	Prankster
0430	Honchkrow	Honchkrow
Insomnia	Super Luck	Moxie
0200	Misdreavus	Misdreavus
Levitate		
0429	Mismagius	Mismagius
Levitate		
0201	Unown	Unown
Levitate		
0360	Wynaut	Wynaut
Shadow Tag		Telepathy
0202	Wobbuffet	Wobbuffet
Shadow Tag		Telepathy
0203	Girafarig	Girafarig
Inner Focus	Early Bird	Sap Sipper
0981	Farigiraf	Farigiraf
Cud Chew	Armor Tail	Sap Sipper
0204	Pineco	Pineco
Sturdy		Overcoat
0205	Forretress	Forretress
Sturdy		Overcoat
0206	Dunsparce	Dunsparce
Serene Grace	Run Away	Rattled
0982	Dudunsparce	Dudunsparce
Two-Segment Form	Serene Grace	Run Away	Rattled
0982	Dudunsparce	Dudunsparce
Three-Segment Form	Serene Grace	Run Away	Rattled
0207	Gligar	Gligar
Hyper Cutter	Sand Veil	Immunity
0472	Gliscor	Gliscor
Hyper Cutter	Sand Veil	Poison Heal
0209	Snubbull	Snubbull
Intimidate	Run Away	Rattled
0210	Granbull	Granbull
Intimidate	Quick FeetGen IV+	Rattled
0211	Qwilfish	Qwilfish
Poison Point	Swift Swim	Intimidate
0211	Qwilfish	Qwilfish
Hisuian Qwilfish	Poison Point	Swift Swim	Intimidate
0904	Overqwil	Overqwil
Poison Point	Swift Swim	Intimidate
0213	Shuckle	Shuckle
Sturdy	GluttonyGen IV+	Contrary
0214	Heracross	Heracross
Swarm	Guts	Moxie
0214	Heracross	Heracross
Mega Heracross	Skill Link		
0215	Sneasel	Sneasel
Inner Focus	Keen Eye	Pickpocket
0215	Sneasel	Sneasel*
Hisuian Sneasel	Inner Focus	Keen Eye	PickpocketGen IX+
0461	Weavile	Weavile
Pressure		Pickpocket
0903	Sneasler	Sneasler
Pressure	UnburdenGen IX+	Poison Touch
0216	Teddiursa	Teddiursa
Pickup	Quick FeetGen IV+	Honey Gather
0217	Ursaring	Ursaring
Guts	Quick FeetGen IV+	Unnerve
0901	Ursaluna	Ursaluna
Guts	Bulletproof	Unnerve
0901	Ursaluna	Ursaluna
Bloodmoon	Mind's Eye		
0218	Slugma	Slugma
Magma Armor	Flame Body	Weak Armor
0219	Magcargo	Magcargo
Magma Armor	Flame Body	Weak Armor
0220	Swinub	Swinub
Oblivious	Snow CloakGen IV+	Thick Fat
0221	Piloswine	Piloswine
Oblivious	Snow CloakGen IV+	Thick Fat
0473	Mamoswine	Mamoswine
Oblivious	Snow Cloak	Thick Fat
0222	Corsola	Corsola
Hustle	Natural Cure	Regenerator
0222	Corsola	Corsola
Galarian Corsola	Weak Armor		Cursed Body
0864	Cursola	Cursola
Weak Armor		Perish Body
0223	Remoraid	Remoraid
Hustle	SniperGen IV+	Moody
0224	Octillery	Octillery
Suction Cups	SniperGen IV+	Moody
0225	Delibird	Delibird
Vital Spirit	Hustle	Insomnia
0458	Mantyke	Mantyke
Swift Swim	Water Absorb	Water Veil
0226	Mantine	Mantine
Swift Swim	Water Absorb	Water Veil
0227	Skarmory	Skarmory
Keen Eye	Sturdy	Weak Armor
0228	Houndour	Houndour
Early Bird	Flash Fire	Unnerve
0229	Houndoom	Houndoom
Early Bird	Flash Fire	Unnerve
0229	Houndoom	Houndoom
Mega Houndoom	Solar Power		
0231	Phanpy	Phanpy
Pickup		Sand Veil
0232	Donphan	Donphan
Sturdy		Sand Veil
0234	Stantler	Stantler
Intimidate	FriskGen IV+	Sap Sipper
0899	Wyrdeer	Wyrdeer
Intimidate	Frisk	Sap Sipper
0235	Smeargle	Smeargle
Own Tempo	TechnicianGen IV+	Moody
0241	Miltank	Miltank
Thick Fat	ScrappyGen IV+	Sap Sipper
0243	Raikou	Raikou*
Pressure		Inner FocusGen VII+
0244	Entei	Entei*
Pressure		Inner FocusGen VII+
0245	Suicune	Suicune*
Pressure		Inner FocusGen VII+
0246	Larvitar	Larvitar
Guts		Sand Veil
0247	Pupitar	Pupitar
Shed Skin		
0248	Tyranitar	Tyranitar
Sand Stream		Unnerve
0248	Tyranitar	Tyranitar
Mega Tyranitar	Sand Stream		
0249	Lugia	Lugia
Pressure		Multiscale
0250	Ho-Oh	Ho-Oh
Pressure		Regenerator
0251	Celebi	Celebi
Natural Cure		
0252	Treecko	Treecko
Overgrow		Unburden
0253	Grovyle	Grovyle
Overgrow		Unburden
0254	Sceptile	Sceptile
Overgrow		Unburden
0254	Sceptile	Sceptile
Mega Sceptile	Lightning Rod		
0255	Torchic	Torchic
Blaze		Speed Boost
0256	Combusken	Combusken
Blaze		Speed Boost
0257	Blaziken	Blaziken
Blaze		Speed Boost
0257	Blaziken	Blaziken
Mega Blaziken	Speed Boost		
0258	Mudkip	Mudkip
Torrent		Damp
0259	Marshtomp	Marshtomp
Torrent		Damp
0260	Swampert	Swampert
Torrent		Damp
0260	Swampert	Swampert
Mega Swampert	Swift Swim		
0261	Poochyena	Poochyena
Run Away	Quick FeetGen IV+	Rattled
0262	Mightyena	Mightyena
Intimidate	Quick FeetGen IV+	Moxie
0263	Zigzagoon	Zigzagoon
Pickup	GluttonyGen IV+	Quick Feet
0263	Zigzagoon	Zigzagoon
Galarian Zigzagoon	Pickup	Gluttony	Quick Feet
0264	Linoone	Linoone
Pickup	GluttonyGen IV+	Quick Feet
0264	Linoone	Linoone
Galarian Linoone	Pickup	Gluttony	Quick Feet
0862	Obstagoon	Obstagoon
Reckless	Guts	Defiant
0265	Wurmple	Wurmple
Shield Dust		Run Away
0266	Silcoon	Silcoon
Shed Skin		
0267	Beautifly	Beautifly
Swarm		Rivalry
0268	Cascoon	Cascoon
Shed Skin		
0269	Dustox	Dustox
Shield Dust		Compound Eyes
0270	Lotad	Lotad
Swift Swim	Rain Dish	Own Tempo
0271	Lombre	Lombre
Swift Swim	Rain Dish	Own Tempo
0272	Ludicolo	Ludicolo
Swift Swim	Rain Dish	Own Tempo
0273	Seedot	Seedot
Chlorophyll	Early Bird	Pickpocket
0274	Nuzleaf	Nuzleaf
Chlorophyll	Early Bird	Pickpocket
0275	Shiftry	Shiftry*
Chlorophyll	Wind RiderGen IX+	Pickpocket
0276	Taillow	Taillow
Guts		Scrappy
0277	Swellow	Swellow
Guts		Scrappy
0278	Wingull	Wingull
Keen Eye	HydrationGen VII+	Rain Dish
0279	Pelipper	Pelipper
Keen Eye	DrizzleGen VII+	Rain Dish
0280	Ralts	Ralts
Synchronize	Trace	Telepathy
0281	Kirlia	Kirlia
Synchronize	Trace	Telepathy
0282	Gardevoir	Gardevoir
Synchronize	Trace	Telepathy
0282	Gardevoir	Gardevoir
Mega Gardevoir	Pixilate		
0475	Gallade	Gallade
Steadfast	SharpnessGen IX+	Justified
0475	Gallade	Gallade
Mega Gallade	Inner Focus		
0283	Surskit	Surskit
Swift Swim		Rain Dish
0284	Masquerain	Masquerain
Intimidate		Unnerve
0285	Shroomish	Shroomish
Effect Spore	Poison HealGen IV+	Quick Feet
0286	Breloom	Breloom
Effect Spore	Poison HealGen IV+	Technician
0287	Slakoth	Slakoth
Truant		
0288	Vigoroth	Vigoroth
Vital Spirit		
0289	Slaking	Slaking
Truant		
0290	Nincada	Nincada
Compound Eyes		Run Away
0291	Ninjask	Ninjask
Speed Boost		Infiltrator
0292	Shedinja	Shedinja
Wonder Guard		
0293	Whismur	Whismur
Soundproof		Rattled
0294	Loudred	Loudred
Soundproof		Scrappy
0295	Exploud	Exploud
Soundproof		Scrappy
0296	Makuhita	Makuhita
Thick Fat	Guts	Sheer Force
0297	Hariyama	Hariyama
Thick Fat	Guts	Sheer Force
0299	Nosepass	Nosepass
Sturdy	Magnet Pull	Sand Force
0476	Probopass	Probopass
Sturdy	Magnet Pull	Sand Force
0300	Skitty	Skitty
Cute Charm	NormalizeGen IV+	Wonder Skin
0301	Delcatty	Delcatty
Cute Charm	NormalizeGen IV+	Wonder Skin
0302	Sableye	Sableye
Keen Eye	StallGen IV+	Prankster
0302	Sableye	Sableye
Mega Sableye	Magic Bounce		
0303	Mawile	Mawile
Hyper Cutter	Intimidate	Sheer Force
0303	Mawile	Mawile
Mega Mawile	Huge Power		
0304	Aron	Aron
Sturdy	Rock Head	Heavy Metal
0305	Lairon	Lairon
Sturdy	Rock Head	Heavy Metal
0306	Aggron	Aggron
Sturdy	Rock Head	Heavy Metal
0306	Aggron	Aggron
Mega Aggron	Filter		
0307	Meditite	Meditite
Pure Power		Telepathy
0308	Medicham	Medicham
Pure Power		Telepathy
0308	Medicham	Medicham
Mega Medicham	Pure Power		
0309	Electrike	Electrike
Static	Lightning Rod	Minus
0310	Manectric	Manectric
Static	Lightning Rod	Minus
0310	Manectric	Manectric
Mega Manectric	Intimidate		
0311	Plusle	Plusle
Plus		Lightning RodGen VI+
0312	Minun	Minun
Minus		Volt AbsorbGen VI+
0313	Volbeat	Volbeat
Illuminate	Swarm	Prankster
0314	Illumise	Illumise
Oblivious	Tinted LensGen IV+	Prankster
0406	Budew	Budew
Natural Cure	Poison Point	Leaf Guard
0315	Roselia	Roselia
Natural Cure	Poison Point	Leaf Guard
0407	Roserade	Roserade
Natural Cure	Poison Point	Technician
0316	Gulpin	Gulpin
Liquid Ooze	Sticky Hold	Gluttony
0317	Swalot	Swalot
Liquid Ooze	Sticky Hold	Gluttony
0318	Carvanha	Carvanha
Rough Skin		Speed Boost
0319	Sharpedo	Sharpedo
Rough Skin		Speed Boost
0319	Sharpedo	Sharpedo
Mega Sharpedo	Strong Jaw		
0320	Wailmer	Wailmer
Water Veil	Oblivious	Pressure
0321	Wailord	Wailord
Water Veil	Oblivious	Pressure
0322	Numel	Numel
Oblivious	SimpleGen IV+	Own Tempo
0323	Camerupt	Camerupt
Magma Armor	Solid RockGen IV+	Anger Point
0323	Camerupt	Camerupt
Mega Camerupt	Sheer Force		
0324	Torkoal	Torkoal
White Smoke	DroughtGen VII+	Shell Armor
0325	Spoink	Spoink
Thick Fat	Own Tempo	Gluttony
0326	Grumpig	Grumpig
Thick Fat	Own Tempo	Gluttony
0327	Spinda	Spinda
Own Tempo	Tangled FeetGen IV+	Contrary
0328	Trapinch	Trapinch
Hyper Cutter	Arena Trap	Sheer Force
0329	Vibrava	Vibrava
Levitate		
0330	Flygon	Flygon
Levitate		
0331	Cacnea	Cacnea
Sand Veil		Water Absorb
0332	Cacturne	Cacturne
Sand Veil		Water Absorb
0333	Swablu	Swablu
Natural Cure		Cloud Nine
0334	Altaria	Altaria
Natural Cure		Cloud Nine
0334	Altaria	Altaria
Mega Altaria	Pixilate		
0335	Zangoose	Zangoose
Immunity		Toxic Boost
0336	Seviper	Seviper
Shed Skin		Infiltrator
0337	Lunatone	Lunatone
Levitate		
0338	Solrock	Solrock
Levitate		
0339	Barboach	Barboach
Oblivious	AnticipationGen IV+	Hydration
0340	Whiscash	Whiscash
Oblivious	AnticipationGen IV+	Hydration
0341	Corphish	Corphish
Hyper Cutter	Shell Armor	Adaptability
0342	Crawdaunt	Crawdaunt
Hyper Cutter	Shell Armor	Adaptability
0343	Baltoy	Baltoy
Levitate		
0344	Claydol	Claydol
Levitate		
0345	Lileep	Lileep
Suction Cups		Storm Drain
0346	Cradily	Cradily
Suction Cups		Storm Drain
0347	Anorith	Anorith
Battle Armor		Swift Swim
0348	Armaldo	Armaldo
Battle Armor		Swift Swim
0349	Feebas	Feebas
Swift Swim	ObliviousGen VI+	Adaptability
0350	Milotic	Milotic
Marvel Scale	CompetitiveGen VI+	Cute Charm
0351	Castform	Castform
Forecast		
0351	Castform	Castform
Sunny Form	Forecast		
0351	Castform	Castform
Rainy Form	Forecast		
0351	Castform	Castform
Snowy Form	Forecast		
0352	Kecleon	Kecleon
Color Change		ProteanGen VI+
0353	Shuppet	Shuppet
Insomnia	FriskGen IV+	Cursed Body
0354	Banette	Banette
Insomnia	FriskGen IV+	Cursed Body
0354	Banette	Banette
Mega Banette	Prankster		
0355	Duskull	Duskull
Levitate		FriskGen VI+
0356	Dusclops	Dusclops
Pressure		FriskGen VI+
0477	Dusknoir	Dusknoir
Pressure		FriskGen VI+
0357	Tropius	Tropius
Chlorophyll	Solar PowerGen IV+	Harvest
0433	Chingling	Chingling
Levitate		
0358	Chimecho	Chimecho
Levitate		
0359	Absol	Absol
Pressure	Super LuckGen IV+	Justified
0359	Absol	Absol
Mega Absol	Magic Bounce		
0361	Snorunt	Snorunt
Inner Focus	Ice BodyGen IV+	Moody
0362	Glalie	Glalie
Inner Focus	Ice BodyGen IV+	Moody
0362	Glalie	Glalie
Mega Glalie	Refrigerate		
0478	Froslass	Froslass
Snow Cloak		Cursed Body
0363	Spheal	Spheal
Thick Fat	Ice BodyGen IV+	Oblivious
0364	Sealeo	Sealeo
Thick Fat	Ice BodyGen IV+	Oblivious
0365	Walrein	Walrein
Thick Fat	Ice BodyGen IV+	Oblivious
0366	Clamperl	Clamperl
Shell Armor		Rattled
0367	Huntail	Huntail
Swift Swim		Water Veil
0368	Gorebyss	Gorebyss
Swift Swim		Hydration
0369	Relicanth	Relicanth
Swift Swim	Rock Head	Sturdy
0370	Luvdisc	Luvdisc
Swift Swim		Hydration
0371	Bagon	Bagon
Rock Head		Sheer Force
0372	Shelgon	Shelgon
Rock Head		Overcoat
0373	Salamence	Salamence
Intimidate		Moxie
0373	Salamence	Salamence
Mega Salamence	Aerilate		
0374	Beldum	Beldum
Clear Body		Light Metal
0375	Metang	Metang
Clear Body		Light Metal
0376	Metagross	Metagross
Clear Body		Light Metal
0376	Metagross	Metagross
Mega Metagross	Tough Claws		
0377	Regirock	Regirock
Clear Body		Sturdy
0378	Regice	Regice
Clear Body		Ice Body
0379	Registeel	Registeel
Clear Body		Light Metal
0380	Latias	Latias
Levitate		
0380	Latias	Latias
Mega Latias	Levitate		
0381	Latios	Latios
Levitate		
0381	Latios	Latios
Mega Latios	Levitate		
0382	Kyogre	Kyogre
Drizzle		
0382	Kyogre	Kyogre
Primal Kyogre	Primordial Sea		
0383	Groudon	Groudon
Drought		
0383	Groudon	Groudon
Primal Groudon	Desolate Land		
0384	Rayquaza	Rayquaza
Air Lock		
0384	Rayquaza	Rayquaza
Mega Rayquaza	Delta Stream		
0385	Jirachi	Jirachi
Serene Grace		
0386	Deoxys	Deoxys
Normal Forme	Pressure		
0386	Deoxys	Deoxys
Attack Forme	Pressure		
0386	Deoxys	Deoxys
Defense Forme	Pressure		
0386	Deoxys	Deoxys
Speed Forme	Pressure		
0387	Turtwig	Turtwig
Overgrow		Shell Armor
0388	Grotle	Grotle
Overgrow		Shell Armor
0389	Torterra	Torterra
Overgrow		Shell Armor
0390	Chimchar	Chimchar
Blaze		Iron Fist
0391	Monferno	Monferno
Blaze		Iron Fist
0392	Infernape	Infernape
Blaze		Iron Fist
0393	Piplup	Piplup*
Torrent		CompetitiveGen IX+
0394	Prinplup	Prinplup*
Torrent		CompetitiveGen IX+
0395	Empoleon	Empoleon*
Torrent		CompetitiveGen IX+
0396	Starly	Starly
Keen Eye		RecklessGen VI+
0397	Staravia	Staravia
Intimidate		Reckless
0398	Staraptor	Staraptor
Intimidate		Reckless
0399	Bidoof	Bidoof
Simple	Unaware	Moody
0400	Bibarel	Bibarel
Simple	Unaware	Moody
0401	Kricketot	Kricketot
Shed Skin		Run Away
0402	Kricketune	Kricketune
Swarm		Technician
0403	Shinx	Shinx
Rivalry	Intimidate	Guts
0404	Luxio	Luxio
Rivalry	Intimidate	Guts
0405	Luxray	Luxray
Rivalry	Intimidate	Guts
0408	Cranidos	Cranidos
Mold Breaker		Sheer Force
0409	Rampardos	Rampardos
Mold Breaker		Sheer Force
0410	Shieldon	Shieldon
Sturdy		Soundproof
0411	Bastiodon	Bastiodon
Sturdy		Soundproof
0412	Burmy	Burmy
Plant Cloak	Shed Skin		Overcoat
0412	Burmy	Burmy
Sandy Cloak	Shed Skin		Overcoat
0412	Burmy	Burmy
Trash Cloak	Shed Skin		Overcoat
0413	Wormadam	Wormadam
Plant Cloak	Anticipation		Overcoat
0413	Wormadam	Wormadam
Sandy Cloak	Anticipation		Overcoat
0413	Wormadam	Wormadam
Trash Cloak	Anticipation		Overcoat
0414	Mothim	Mothim
Swarm		Tinted Lens
0415	Combee	Combee
Honey Gather		Hustle
0416	Vespiquen	Vespiquen
Pressure		Unnerve
0417	Pachirisu	Pachirisu
Run Away	Pickup	Volt Absorb
0418	Buizel	Buizel
Swift Swim		Water Veil
0419	Floatzel	Floatzel
Swift Swim		Water Veil
0420	Cherubi	Cherubi
Chlorophyll		
0421	Cherrim	Cherrim
Overcast Form	Flower Gift		
0421	Cherrim	Cherrim
Sunshine Form	Flower Gift		
0422	Shellos	Shellos
West Sea	Sticky Hold	Storm Drain	Sand Force
0422	Shellos	Shellos
East Sea	Sticky Hold	Storm Drain	Sand Force
0423	Gastrodon	Gastrodon
West Sea	Sticky Hold	Storm Drain	Sand Force
0423	Gastrodon	Gastrodon
East Sea	Sticky Hold	Storm Drain	Sand Force
0425	Drifloon	Drifloon
Aftermath	Unburden	Flare Boost
0426	Drifblim	Drifblim
Aftermath	Unburden	Flare Boost
0427	Buneary	Buneary
Run Away	Klutz	Limber
0428	Lopunny	Lopunny
Cute Charm	Klutz	Limber
0428	Lopunny	Lopunny
Mega Lopunny	Scrappy		
0431	Glameow	Glameow
Limber	Own Tempo	Keen Eye
0432	Purugly	Purugly
Thick Fat	Own Tempo	Defiant
0434	Stunky	Stunky
Stench	Aftermath	Keen Eye
0435	Skuntank	Skuntank
Stench	Aftermath	Keen Eye
0436	Bronzor	Bronzor
Levitate	Heatproof	Heavy Metal
0437	Bronzong	Bronzong
Levitate	Heatproof	Heavy Metal
0441	Chatot	Chatot
Keen Eye	Tangled Feet	Big Pecks
0442	Spiritomb	Spiritomb
Pressure		Infiltrator
0443	Gible	Gible
Sand Veil		Rough Skin
0444	Gabite	Gabite
Sand Veil		Rough Skin
0445	Garchomp	Garchomp
Sand Veil		Rough Skin
0445	Garchomp	Garchomp
Mega Garchomp	Sand Force		
0447	Riolu	Riolu
Steadfast	Inner Focus	Prankster
0448	Lucario	Lucario
Steadfast	Inner Focus	Justified
0448	Lucario	Lucario
Mega Lucario	Adaptability		
0449	Hippopotas	Hippopotas
Sand Stream		Sand Force
0450	Hippowdon	Hippowdon
Sand Stream		Sand Force
0451	Skorupi	Skorupi
Battle Armor	Sniper	Keen Eye
0452	Drapion	Drapion
Battle Armor	Sniper	Keen Eye
0453	Croagunk	Croagunk
Anticipation	Dry Skin	Poison Touch
0454	Toxicroak	Toxicroak
Anticipation	Dry Skin	Poison Touch
0455	Carnivine	Carnivine
Levitate		
0456	Finneon	Finneon
Swift Swim	Storm Drain	Water Veil
0457	Lumineon	Lumineon
Swift Swim	Storm Drain	Water Veil
0459	Snover	Snover
Snow Warning		Soundproof
0460	Abomasnow	Abomasnow
Snow Warning		Soundproof
0460	Abomasnow	Abomasnow
Mega Abomasnow	Snow Warning		
0479	Rotom	Rotom
Levitate		
0479	Rotom	Rotom
Heat Rotom	Levitate		
0479	Rotom	Rotom
Wash Rotom	Levitate		
0479	Rotom	Rotom
Frost Rotom	Levitate		
0479	Rotom	Rotom
Fan Rotom	Levitate		
0479	Rotom	Rotom
Mow Rotom	Levitate		
0480	Uxie	Uxie
Levitate		
0481	Mesprit	Mesprit
Levitate		
0482	Azelf	Azelf
Levitate		
0483	Dialga	Dialga
Pressure		Telepathy
0483	Dialga	Dialga
Origin Forme	Pressure		Telepathy
0484	Palkia	Palkia
Pressure		Telepathy
0484	Palkia	Palkia
Origin Forme	Pressure		Telepathy
0485	Heatran	Heatran
Flash Fire		Flame Body
0486	Regigigas	Regigigas
Slow Start		
0487	Giratina	Giratina
Altered Forme	Pressure		Telepathy
0487	Giratina	Giratina
Origin Forme	Levitate		
0488	Cresselia	Cresselia
Levitate		
0489	Phione	Phione
Hydration		
0490	Manaphy	Manaphy
Hydration		
0491	Darkrai	Darkrai
Bad Dreams		
0492	Shaymin	Shaymin
Land Forme	Natural Cure		
0492	Shaymin	Shaymin
Sky Forme	Serene Grace		
0493	Arceus	Arceus
Multitype		
0494	Victini	Victini
Victory Star		
0495	Snivy	Snivy
Overgrow		Contrary
0496	Servine	Servine
Overgrow		Contrary
0497	Serperior	Serperior
Overgrow		Contrary
0498	Tepig	Tepig
Blaze		Thick Fat
0499	Pignite	Pignite
Blaze		Thick Fat
0500	Emboar	Emboar
Blaze		Reckless
0501	Oshawott	Oshawott
Torrent		Shell Armor
0502	Dewott	Dewott
Torrent		Shell Armor
0503	Samurott	Samurott
Torrent		Shell Armor
0503	Samurott	Samurott*
Hisuian Samurott	Torrent		SharpnessGen IX+
0504	Patrat	Patrat
Run Away	Keen Eye	Analytic
0505	Watchog	Watchog
Illuminate	Keen Eye	Analytic
0506	Lillipup	Lillipup
Vital Spirit	Pickup	Run Away
0507	Herdier	Herdier
Intimidate	Sand Rush	Scrappy
0508	Stoutland	Stoutland
Intimidate	Sand Rush	Scrappy
0509	Purrloin	Purrloin
Limber	Unburden	Prankster
0510	Liepard	Liepard
Limber	Unburden	Prankster
0511	Pansage	Pansage
Gluttony		Overgrow
0512	Simisage	Simisage
Gluttony		Overgrow
0513	Pansear	Pansear
Gluttony		Blaze
0514	Simisear	Simisear
Gluttony		Blaze
0515	Panpour	Panpour
Gluttony		Torrent
0516	Simipour	Simipour
Gluttony		Torrent
0517	Munna	Munna
Forewarn	Synchronize	Telepathy
0518	Musharna	Musharna
Forewarn	Synchronize	Telepathy
0519	Pidove	Pidove
Big Pecks	Super Luck	Rivalry
0520	Tranquill	Tranquill
Big Pecks	Super Luck	Rivalry
0521	Unfezant	Unfezant
Big Pecks	Super Luck	Rivalry
0522	Blitzle	Blitzle
Lightning Rod	Motor Drive	Sap Sipper
0523	Zebstrika	Zebstrika
Lightning Rod	Motor Drive	Sap Sipper
0524	Roggenrola	Roggenrola
Sturdy	Weak ArmorGen VII+	Sand Force
0525	Boldore	Boldore
Sturdy	Weak ArmorGen VII+	Sand Force
0526	Gigalith	Gigalith
Sturdy	Sand StreamGen VII+	Sand Force
0527	Woobat	Woobat
Unaware	Klutz	Simple
0528	Swoobat	Swoobat
Unaware	Klutz	Simple
0529	Drilbur	Drilbur
Sand Rush	Sand Force	Mold Breaker
0530	Excadrill	Excadrill
Sand Rush	Sand Force	Mold Breaker
0531	Audino	Audino
Healer	Regenerator	Klutz
0531	Audino	Audino
Mega Audino	Healer		
0532	Timburr	Timburr
Guts	Sheer Force	Iron Fist
0533	Gurdurr	Gurdurr
Guts	Sheer Force	Iron Fist
0534	Conkeldurr	Conkeldurr
Guts	Sheer Force	Iron Fist
0535	Tympole	Tympole
Swift Swim	Hydration	Water Absorb
0536	Palpitoad	Palpitoad
Swift Swim	Hydration	Water Absorb
0537	Seismitoad	Seismitoad
Swift Swim	Poison Touch	Water Absorb
0538	Throh	Throh
Guts	Inner Focus	Mold Breaker
0539	Sawk	Sawk
Sturdy	Inner Focus	Mold Breaker
0540	Sewaddle	Sewaddle
Swarm	Chlorophyll	Overcoat
0541	Swadloon	Swadloon
Leaf Guard	Chlorophyll	Overcoat
0542	Leavanny	Leavanny
Swarm	Chlorophyll	Overcoat
0543	Venipede	Venipede*
Poison Point	Swarm	Speed BoostGen VI+
0544	Whirlipede	Whirlipede*
Poison Point	Swarm	Speed BoostGen VI+
0545	Scolipede	Scolipede*
Poison Point	Swarm	Speed BoostGen VI+
0546	Cottonee	Cottonee
Prankster	Infiltrator	Chlorophyll
0547	Whimsicott	Whimsicott
Prankster	Infiltrator	Chlorophyll
0548	Petilil	Petilil
Chlorophyll	Own Tempo	Leaf Guard
0549	Lilligant	Lilligant
Chlorophyll	Own Tempo	Leaf Guard
0549	Lilligant	Lilligant
Hisuian Lilligant	Chlorophyll	Hustle	Leaf Guard
0550	Basculin	Basculin
Red-Striped Form	Reckless	Adaptability	Mold Breaker
0550	Basculin	Basculin*
Blue-Striped Form	Rock Head	Adaptability	Mold Breaker
0550	Basculin	Basculin
White-Striped Form	Rattled	Adaptability	Mold Breaker
0902	Basculegion	Basculegion*
Swift SwimGen IX+	Adaptability	Mold Breaker
0551	Sandile	Sandile
Intimidate	Moxie	Anger Point
0552	Krokorok	Krokorok
Intimidate	Moxie	Anger Point
0553	Krookodile	Krookodile
Intimidate	Moxie	Anger Point
0554	Darumaka	Darumaka
Hustle		Inner Focus
0554	Darumaka	Darumaka
Galarian Darumaka	Hustle		Inner Focus
0555	Darmanitan	Darmanitan
Sheer Force		Zen Mode
0555	Darmanitan	Darmanitan
Zen Mode	Zen Mode		
0555	Darmanitan	Darmanitan
Galarian Form
Standard Mode	Gorilla Tactics		Zen Mode
0555	Darmanitan	Darmanitan
Galarian Form
Zen Mode	Zen Mode		
0556	Maractus	Maractus
Water Absorb	Chlorophyll	Storm Drain
0557	Dwebble	Dwebble
Sturdy	Shell Armor	Weak Armor
0558	Crustle	Crustle
Sturdy	Shell Armor	Weak Armor
0559	Scraggy	Scraggy
Shed Skin	Moxie	Intimidate
0560	Scrafty	Scrafty
Shed Skin	Moxie	Intimidate
0561	Sigilyph	Sigilyph
Wonder Skin	Magic Guard	Tinted Lens
0562	Yamask	Yamask
Mummy		
0562	Yamask	Yamask
Galarian Yamask	Wandering Spirit		
0563	Cofagrigus	Cofagrigus
Mummy		
0867	Runerigus	Runerigus
Wandering Spirit		
0564	Tirtouga	Tirtouga
Solid Rock	Sturdy	Swift Swim
0565	Carracosta	Carracosta
Solid Rock	Sturdy	Swift Swim
0566	Archen	Archen
Defeatist		
0567	Archeops	Archeops
Defeatist		
0568	Trubbish	Trubbish
Stench	Sticky Hold	Aftermath
0569	Garbodor	Garbodor
Stench	Weak Armor	Aftermath
0570	Zorua	Zorua
Illusion		
0570	Zorua	Zorua
Hisuian Zorua	Illusion		
0571	Zoroark	Zoroark
Illusion		
0571	Zoroark	Zoroark
Hisuian Zoroark	Illusion		
0572	Minccino	Minccino
Cute Charm	Technician	Skill Link
0573	Cinccino	Cinccino
Cute Charm	Technician	Skill Link
0574	Gothita	Gothita
Frisk	CompetitiveGen VI+	Shadow Tag
0575	Gothorita	Gothorita
Frisk	CompetitiveGen VI+	Shadow Tag
0576	Gothitelle	Gothitelle
Frisk	CompetitiveGen VI+	Shadow Tag
0577	Solosis	Solosis
Overcoat	Magic Guard	Regenerator
0578	Duosion	Duosion
Overcoat	Magic Guard	Regenerator
0579	Reuniclus	Reuniclus
Overcoat	Magic Guard	Regenerator
0580	Ducklett	Ducklett
Keen Eye	Big Pecks	Hydration
0581	Swanna	Swanna
Keen Eye	Big Pecks	Hydration
0582	Vanillite	Vanillite
Ice Body	Snow CloakGen VII+	Weak Armor
0583	Vanillish	Vanillish
Ice Body	Snow CloakGen VII+	Weak Armor
0584	Vanilluxe	Vanilluxe
Ice Body	Snow WarningGen VII+	Weak Armor
0585	Deerling	Deerling
Spring Form	Chlorophyll	Sap Sipper	Serene Grace
0585	Deerling	Deerling
Summer Form	Chlorophyll	Sap Sipper	Serene Grace
0585	Deerling	Deerling
Autumn Form	Chlorophyll	Sap Sipper	Serene Grace
0585	Deerling	Deerling
Winter Form	Chlorophyll	Sap Sipper	Serene Grace
0586	Sawsbuck	Sawsbuck
Spring Form	Chlorophyll	Sap Sipper	Serene Grace
0586	Sawsbuck	Sawsbuck
Summer Form	Chlorophyll	Sap Sipper	Serene Grace
0586	Sawsbuck	Sawsbuck
Autumn Form	Chlorophyll	Sap Sipper	Serene Grace
0586	Sawsbuck	Sawsbuck
Winter Form	Chlorophyll	Sap Sipper	Serene Grace
0587	Emolga	Emolga
Static		Motor Drive
0588	Karrablast	Karrablast
Swarm	Shed Skin	No Guard
0589	Escavalier	Escavalier
Swarm	Shell Armor	Overcoat
0590	Foongus	Foongus
Effect Spore		Regenerator
0591	Amoonguss	Amoonguss
Effect Spore		Regenerator
0592	Frillish	Frillish
Water Absorb	Cursed Body	Damp
0593	Jellicent	Jellicent
Water Absorb	Cursed Body	Damp
0594	Alomomola	Alomomola
Healer	Hydration	Regenerator
0595	Joltik	Joltik
Compound Eyes	Unnerve	Swarm
0596	Galvantula	Galvantula
Compound Eyes	Unnerve	Swarm
0597	Ferroseed	Ferroseed
Iron Barbs		
0598	Ferrothorn	Ferrothorn
Iron Barbs		AnticipationGen VI+
0599	Klink	Klink
Plus	Minus	Clear Body
0600	Klang	Klang
Plus	Minus	Clear Body
0601	Klinklang	Klinklang
Plus	Minus	Clear Body
0602	Tynamo	Tynamo
Levitate		
0603	Eelektrik	Eelektrik
Levitate		
0604	Eelektross	Eelektross
Levitate		
0605	Elgyem	Elgyem
Telepathy	Synchronize	Analytic
0606	Beheeyem	Beheeyem
Telepathy	Synchronize	Analytic
0607	Litwick	Litwick*
Flash Fire	Flame Body	InfiltratorGen VI+
0608	Lampent	Lampent*
Flash Fire	Flame Body	InfiltratorGen VI+
0609	Chandelure	Chandelure*
Flash Fire	Flame Body	InfiltratorGen VI+
0610	Axew	Axew
Rivalry	Mold Breaker	Unnerve
0611	Fraxure	Fraxure
Rivalry	Mold Breaker	Unnerve
0612	Haxorus	Haxorus
Rivalry	Mold Breaker	Unnerve
0613	Cubchoo	Cubchoo
Snow Cloak	Slush RushGen VII+	Rattled
0614	Beartic	Beartic
Snow Cloak	Slush RushGen VII+	Swift Swim
0615	Cryogonal	Cryogonal
Levitate		
0616	Shelmet	Shelmet
Hydration	Shell Armor	Overcoat
0617	Accelgor	Accelgor
Hydration	Sticky Hold	Unburden
0618	Stunfisk	Stunfisk
Static	Limber	Sand Veil
0618	Stunfisk	Stunfisk
Galarian Stunfisk	Mimicry		
0619	Mienfoo	Mienfoo
Inner Focus	Regenerator	Reckless
0620	Mienshao	Mienshao
Inner Focus	Regenerator	Reckless
0621	Druddigon	Druddigon
Rough Skin	Sheer Force	Mold Breaker
0622	Golett	Golett
Iron Fist	Klutz	No Guard
0623	Golurk	Golurk
Iron Fist	Klutz	No Guard
0624	Pawniard	Pawniard
Defiant	Inner Focus	Pressure
0625	Bisharp	Bisharp
Defiant	Inner Focus	Pressure
0983	Kingambit	Kingambit
Defiant	Supreme Overlord	Pressure
0626	Bouffalant	Bouffalant
Reckless	Sap Sipper	Soundproof
0627	Rufflet	Rufflet
Keen Eye	Sheer Force	Hustle
0628	Braviary	Braviary
Keen Eye	Sheer Force	Defiant
0628	Braviary	Braviary*
Hisuian Braviary	Keen Eye	Sheer Force	Tinted LensGen IX+
0629	Vullaby	Vullaby
Big Pecks	Overcoat	Weak Armor
0630	Mandibuzz	Mandibuzz
Big Pecks	Overcoat	Weak Armor
0631	Heatmor	Heatmor
Gluttony	Flash Fire	White Smoke
0632	Durant	Durant
Swarm	Hustle	Truant
0633	Deino	Deino
Hustle		
0634	Zweilous	Zweilous
Hustle		
0635	Hydreigon	Hydreigon
Levitate		
0636	Larvesta	Larvesta
Flame Body		Swarm
0637	Volcarona	Volcarona
Flame Body		Swarm
0638	Cobalion	Cobalion
Justified		
0639	Terrakion	Terrakion
Justified		
0640	Virizion	Virizion
Justified		
0641	Tornadus	Tornadus
Incarnate Forme	Prankster		Defiant
0641	Tornadus	Tornadus
Therian Forme	Regenerator		
0642	Thundurus	Thundurus
Incarnate Forme	Prankster		Defiant
0642	Thundurus	Thundurus
Therian Forme	Volt Absorb		
0643	Reshiram	Reshiram
Turboblaze		
0644	Zekrom	Zekrom
Teravolt		
0645	Landorus	Landorus
Incarnate Forme	Sand Force		Sheer Force
0645	Landorus	Landorus
Therian Forme	Intimidate		
0646	Kyurem	Kyurem
Pressure		
0646	Kyurem	Kyurem
White Kyurem	Turboblaze		
0646	Kyurem	Kyurem
Black Kyurem	Teravolt		
0647	Keldeo	Keldeo
Ordinary Form	Justified		
0647	Keldeo	Keldeo
Resolute Form	Justified		
0648	Meloetta	Meloetta
Aria Forme	Serene Grace		
0648	Meloetta	Meloetta
Pirouette Forme	Serene Grace		
0649	Genesect	Genesect
Download		
0650	Chespin	Chespin
Overgrow		Bulletproof
0651	Quilladin	Quilladin
Overgrow		Bulletproof
0652	Chesnaught	Chesnaught
Overgrow		Bulletproof
0653	Fennekin	Fennekin
Blaze		Magician
0654	Braixen	Braixen
Blaze		Magician
0655	Delphox	Delphox
Blaze		Magician
0656	Froakie	Froakie
Torrent		Protean
0657	Frogadier	Frogadier
Torrent		Protean
0658	Greninja	Greninja
Torrent		Protean
0658	Greninja	Greninja
Ash	Battle Bond		
0659	Bunnelby	Bunnelby
Pickup	Cheek Pouch	Huge Power
0660	Diggersby	Diggersby
Pickup	Cheek Pouch	Huge Power
0661	Fletchling	Fletchling
Big Pecks		Gale Wings
0662	Fletchinder	Fletchinder
Flame Body		Gale Wings
0663	Talonflame	Talonflame
Flame Body		Gale Wings
0664	Scatterbug	Scatterbug
Shield Dust	Compound Eyes	Friend Guard
0665	Spewpa	Spewpa
Shed Skin		Friend Guard
0666	Vivillon	Vivillon
Shield Dust	Compound Eyes	Friend Guard
0667	Litleo	Litleo
Rivalry	Unnerve	Moxie
0668	Pyroar	Pyroar
Rivalry	Unnerve	Moxie
0669	Flabébé	Flabébé
Flower Veil		Symbiosis
0670	Floette	Floette
Flower Veil		Symbiosis
0670	Floette	Floette
Eternal Flower	Flower Veil		
0671	Florges	Florges
Flower Veil		Symbiosis
0672	Skiddo	Skiddo
Sap Sipper		Grass Pelt
0673	Gogoat	Gogoat
Sap Sipper		Grass Pelt
0674	Pancham	Pancham
Iron Fist	Mold Breaker	Scrappy
0675	Pangoro	Pangoro
Iron Fist	Mold Breaker	Scrappy
0676	Furfrou	Furfrou
Fur Coat		
0677	Espurr	Espurr
Keen Eye	Infiltrator	Own Tempo
0678	Meowstic	Meowstic
Male	Keen Eye	Infiltrator	Prankster
0678	Meowstic	Meowstic
Female	Keen Eye	Infiltrator	Competitive
0679	Honedge	Honedge
No Guard		
0680	Doublade	Doublade
No Guard		
0681	Aegislash	Aegislash
Shield Forme	Stance Change		
0681	Aegislash	Aegislash
Blade Forme	Stance Change		
0682	Spritzee	Spritzee
Healer		Aroma Veil
0683	Aromatisse	Aromatisse
Healer		Aroma Veil
0684	Swirlix	Swirlix
Sweet Veil		Unburden
0685	Slurpuff	Slurpuff
Sweet Veil		Unburden
0686	Inkay	Inkay
Contrary	Suction Cups	Infiltrator
0687	Malamar	Malamar
Contrary	Suction Cups	Infiltrator
0688	Binacle	Binacle
Tough Claws	Sniper	Pickpocket
0689	Barbaracle	Barbaracle
Tough Claws	Sniper	Pickpocket
0690	Skrelp	Skrelp
Poison Point	Poison Touch	Adaptability
0691	Dragalge	Dragalge
Poison Point	Poison Touch	Adaptability
0692	Clauncher	Clauncher
Mega Launcher		
0693	Clawitzer	Clawitzer
Mega Launcher		
0694	Helioptile	Helioptile
Dry Skin	Sand Veil	Solar Power
0695	Heliolisk	Heliolisk
Dry Skin	Sand Veil	Solar Power
0696	Tyrunt	Tyrunt
Strong Jaw		Sturdy
0697	Tyrantrum	Tyrantrum
Strong Jaw		Rock Head
0698	Amaura	Amaura
Refrigerate		Snow Warning
0699	Aurorus	Aurorus
Refrigerate		Snow Warning
0701	Hawlucha	Hawlucha
Limber	Unburden	Mold Breaker
0702	Dedenne	Dedenne
Cheek Pouch	Pickup	Plus
0703	Carbink	Carbink
Clear Body		Sturdy
0704	Goomy	Goomy
Sap Sipper	Hydration	Gooey
0705	Sliggoo	Sliggoo
Sap Sipper	Hydration	Gooey
0705	Sliggoo	Sliggoo*
Hisuian Sliggoo	Sap Sipper	Shell ArmorGen IX+	Gooey
0706	Goodra	Goodra
Sap Sipper	Hydration	Gooey
0706	Goodra	Goodra*
Hisuian Goodra	Sap Sipper	Shell ArmorGen IX+	Gooey
0707	Klefki	Klefki
Prankster		Magician
0708	Phantump	Phantump
Natural Cure	Frisk	Harvest
0709	Trevenant	Trevenant
Natural Cure	Frisk	Harvest
0710	Pumpkaboo	Pumpkaboo
Pickup	Frisk	Insomnia
0711	Gourgeist	Gourgeist
Pickup	Frisk	Insomnia
0712	Bergmite	Bergmite
Own Tempo	Ice Body	Sturdy
0713	Avalugg	Avalugg
Own Tempo	Ice Body	Sturdy
0713	Avalugg	Avalugg
Hisuian Avalugg	Strong Jaw	Ice Body	Sturdy
0714	Noibat	Noibat
Frisk	Infiltrator	Telepathy
0715	Noivern	Noivern
Frisk	Infiltrator	Telepathy
0716	Xerneas	Xerneas
Fairy Aura		
0717	Yveltal	Yveltal
Dark Aura		
0718	Zygarde	Zygarde
50% Forme	Aura Break	Power ConstructGen VII+	
0718	Zygarde	Zygarde
10% Forme	Aura Break	Power Construct	
0718	Zygarde	Zygarde
Complete Forme	Power Construct		
0719	Diancie	Diancie
Clear Body		
0719	Diancie	Diancie
Mega Diancie	Magic Bounce		
0720	Hoopa	Hoopa
Confined	Magician		
0720	Hoopa	Hoopa
Unbound	Magician		
0721	Volcanion	Volcanion
Water Absorb		
0722	Rowlet	Rowlet
Overgrow		Long Reach
0723	Dartrix	Dartrix
Overgrow		Long Reach
0724	Decidueye	Decidueye
Overgrow		Long Reach
0724	Decidueye	Decidueye*
Hisuian Decidueye	Overgrow		ScrappyGen IX+
0725	Litten	Litten
Blaze		Intimidate
0726	Torracat	Torracat
Blaze		Intimidate
0727	Incineroar	Incineroar
Blaze		Intimidate
0728	Popplio	Popplio
Torrent		Liquid Voice
0729	Brionne	Brionne
Torrent		Liquid Voice
0730	Primarina	Primarina
Torrent		Liquid Voice
0731	Pikipek	Pikipek
Keen Eye	Skill Link	Pickup
0732	Trumbeak	Trumbeak
Keen Eye	Skill Link	Pickup
0733	Toucannon	Toucannon
Keen Eye	Skill Link	Sheer Force
0734	Yungoos	Yungoos
Stakeout	Strong Jaw	Adaptability
0735	Gumshoos	Gumshoos
Stakeout	Strong Jaw	Adaptability
0736	Grubbin	Grubbin
Swarm		
0737	Charjabug	Charjabug
Battery		
0738	Vikavolt	Vikavolt
Levitate		
0739	Crabrawler	Crabrawler
Hyper Cutter	Iron Fist	Anger Point
0740	Crabominable	Crabominable
Hyper Cutter	Iron Fist	Anger Point
0741	Oricorio	Oricorio
Baile Style	Dancer		
0741	Oricorio	Oricorio
Pom-Pom Style	Dancer		
0741	Oricorio	Oricorio
Pa'u Style	Dancer		
0741	Oricorio	Oricorio
Sensu Style	Dancer		
0742	Cutiefly	Cutiefly
Honey Gather	Shield Dust	Sweet Veil
0743	Ribombee	Ribombee
Honey Gather	Shield Dust	Sweet Veil
0744	Rockruff	Rockruff
Keen Eye	Vital Spirit	Steadfast
0744	Rockruff	Rockruff
Own Tempo	Own Tempo		
0745	Lycanroc	Lycanroc
Midday Form	Keen Eye	Sand Rush	Steadfast
0745	Lycanroc	Lycanroc
Midnight Form	Keen Eye	Vital Spirit	No Guard
0745	Lycanroc	Lycanroc
Dusk Form	Tough Claws		
0746	Wishiwashi	Wishiwashi
Solo Form	Schooling		
0746	Wishiwashi	Wishiwashi
School Form	Schooling		
0747	Mareanie	Mareanie
Merciless	Limber	Regenerator
0748	Toxapex	Toxapex
Merciless	Limber	Regenerator
0749	Mudbray	Mudbray
Own Tempo	Stamina	Inner Focus
0750	Mudsdale	Mudsdale
Own Tempo	Stamina	Inner Focus
0751	Dewpider	Dewpider
Water Bubble		Water Absorb
0752	Araquanid	Araquanid
Water Bubble		Water Absorb
0753	Fomantis	Fomantis
Leaf Guard		Contrary
0754	Lurantis	Lurantis
Leaf Guard		Contrary
0755	Morelull	Morelull
Illuminate	Effect Spore	Rain Dish
0756	Shiinotic	Shiinotic
Illuminate	Effect Spore	Rain Dish
0757	Salandit	Salandit
Corrosion		Oblivious
0758	Salazzle	Salazzle
Corrosion		Oblivious
0759	Stufful	Stufful
Fluffy	Klutz	Cute Charm
0760	Bewear	Bewear
Fluffy	Klutz	Unnerve
0761	Bounsweet	Bounsweet
Leaf Guard	Oblivious	Sweet Veil
0762	Steenee	Steenee
Leaf Guard	Oblivious	Sweet Veil
0763	Tsareena	Tsareena
Leaf Guard	Queenly Majesty	Sweet Veil
0764	Comfey	Comfey
Flower Veil	Triage	Natural Cure
0765	Oranguru	Oranguru
Inner Focus	Telepathy	Symbiosis
0766	Passimian	Passimian
Receiver		Defiant
0767	Wimpod	Wimpod
Wimp Out		
0768	Golisopod	Golisopod
Emergency Exit		
0769	Sandygast	Sandygast
Water Compaction		Sand Veil
0770	Palossand	Palossand
Water Compaction		Sand Veil
0771	Pyukumuku	Pyukumuku
Innards Out		Unaware
0772	Type: Null	Type: Null
Battle Armor		
0773	Silvally	Silvally
RKS System		
0774	Minior	Minior
Meteor Form	Shields Down		
0774	Minior	Minior
Core Form	Shields Down		
0775	Komala	Komala
Comatose		
0776	Turtonator	Turtonator
Shell Armor		
0777	Togedemaru	Togedemaru
Iron Barbs	Lightning Rod	Sturdy
0778	Mimikyu	Mimikyu
Disguise		
0779	Bruxish	Bruxish
Dazzling	Strong Jaw	Wonder Skin
0780	Drampa	Drampa
Berserk	Sap Sipper	Cloud Nine
0781	Dhelmise	Dhelmise
Steelworker		
0782	Jangmo-o	Jangmo-o
Bulletproof	Soundproof	Overcoat
0783	Hakamo-o	Hakamo-o
Bulletproof	Soundproof	Overcoat
0784	Kommo-o	Kommo-o
Bulletproof	Soundproof	Overcoat
0785	Tapu Koko	Tapu Koko
Electric Surge		Telepathy
0786	Tapu Lele	Tapu Lele
Psychic Surge		Telepathy
0787	Tapu Bulu	Tapu Bulu
Grassy Surge		Telepathy
0788	Tapu Fini	Tapu Fini
Misty Surge		Telepathy
0789	Cosmog	Cosmog
Unaware		
0790	Cosmoem	Cosmoem
Sturdy		
0791	Solgaleo	Solgaleo
Full Metal Body		
0792	Lunala	Lunala
Shadow Shield		
0793	Nihilego	Nihilego
Beast Boost		
0794	Buzzwole	Buzzwole
Beast Boost		
0795	Pheromosa	Pheromosa
Beast Boost		
0796	Xurkitree	Xurkitree
Beast Boost		
0797	Celesteela	Celesteela
Beast Boost		
0798	Kartana	Kartana
Beast Boost		
0799	Guzzlord	Guzzlord
Beast Boost		
0800	Necrozma	Necrozma
Prism Armor		
0800	Necrozma	Necrozma
Dusk Mane	Prism Armor		
0800	Necrozma	Necrozma
Dawn Wings	Prism Armor		
0800	Necrozma	Necrozma
Ultra Necrozma	Neuroforce		
0801	Magearna	Magearna
Soul-Heart		
0802	Marshadow	Marshadow
Technician		
0803	Poipole	Poipole
Beast Boost		
0804	Naganadel	Naganadel
Beast Boost		
0805	Stakataka	Stakataka
Beast Boost		
0806	Blacephalon	Blacephalon
Beast Boost		
0807	Zeraora	Zeraora
Volt Absorb		
0808	Meltan	Meltan
Magnet Pull		
0809	Melmetal	Melmetal
Iron Fist		
0810	Grookey	Grookey
Overgrow		Grassy Surge
0811	Thwackey	Thwackey
Overgrow		Grassy Surge
0812	Rillaboom	Rillaboom
Overgrow		Grassy Surge
0813	Scorbunny	Scorbunny
Blaze		Libero
0814	Raboot	Raboot
Blaze		Libero
0815	Cinderace	Cinderace
Blaze		Libero
0816	Sobble	Sobble
Torrent		Sniper
0817	Drizzile	Drizzile
Torrent		Sniper
0818	Inteleon	Inteleon
Torrent		Sniper
0819	Skwovet	Skwovet
Cheek Pouch		Gluttony
0820	Greedent	Greedent
Cheek Pouch		Gluttony
0821	Rookidee	Rookidee
Keen Eye	Unnerve	Big Pecks
0822	Corvisquire	Corvisquire
Keen Eye	Unnerve	Big Pecks
0823	Corviknight	Corviknight
Pressure	Unnerve	Mirror Armor
0824	Blipbug	Blipbug
Swarm	Compound Eyes	Telepathy
0825	Dottler	Dottler
Swarm	Compound Eyes	Telepathy
0826	Orbeetle	Orbeetle
Swarm	Frisk	Telepathy
0827	Nickit	Nickit
Run Away	Unburden	Stakeout
0828	Thievul	Thievul
Run Away	Unburden	Stakeout
0829	Gossifleur	Gossifleur
Cotton Down	Regenerator	Effect Spore
0830	Eldegoss	Eldegoss
Cotton Down	Regenerator	Effect Spore
0831	Wooloo	Wooloo
Fluffy	Run Away	Bulletproof
0832	Dubwool	Dubwool
Fluffy	Steadfast	Bulletproof
0833	Chewtle	Chewtle
Strong Jaw	Shell Armor	Swift Swim
0834	Drednaw	Drednaw
Strong Jaw	Shell Armor	Swift Swim
0835	Yamper	Yamper
Ball Fetch		Rattled
0836	Boltund	Boltund
Strong Jaw		Competitive
0837	Rolycoly	Rolycoly
Steam Engine	Heatproof	Flash Fire
0838	Carkol	Carkol
Steam Engine	Flame Body	Flash Fire
0839	Coalossal	Coalossal
Steam Engine	Flame Body	Flash Fire
0840	Applin	Applin
Ripen	Gluttony	Bulletproof
0841	Flapple	Flapple
Ripen	Gluttony	Hustle
0842	Appletun	Appletun
Ripen	Gluttony	Thick Fat
1011	Dipplin	Dipplin
Supersweet Syrup	Gluttony	Sticky Hold
1019	Hydrapple	Hydrapple
Supersweet Syrup	Regenerator	Sticky Hold
0843	Silicobra	Silicobra
Sand Spit	Shed Skin	Sand Veil
0844	Sandaconda	Sandaconda
Sand Spit	Shed Skin	Sand Veil
0845	Cramorant	Cramorant
Gulp Missile		
0845	Cramorant	Cramorant
Gulping Form	Gulp Missile		
0845	Cramorant	Cramorant
Gorging Form	Gulp Missile		
0846	Arrokuda	Arrokuda
Swift Swim		Propeller Tail
0847	Barraskewda	Barraskewda
Swift Swim		Propeller Tail
0848	Toxel	Toxel
Rattled	Static	Klutz
0849	Toxtricity	Toxtricity
Amped Form	Punk Rock	Plus	Technician
0849	Toxtricity	Toxtricity
Low Key Form	Punk Rock	Minus	Technician
0850	Sizzlipede	Sizzlipede
Flash Fire	White Smoke	Flame Body
0851	Centiskorch	Centiskorch
Flash Fire	White Smoke	Flame Body
0852	Clobbopus	Clobbopus
Limber		Technician
0853	Grapploct	Grapploct
Limber		Technician
0854	Sinistea	Sinistea
Weak Armor		Cursed Body
0855	Polteageist	Polteageist
Weak Armor		Cursed Body
0856	Hatenna	Hatenna
Healer	Anticipation	Magic Bounce
0857	Hattrem	Hattrem
Healer	Anticipation	Magic Bounce
0858	Hatterene	Hatterene
Healer	Anticipation	Magic Bounce
0859	Impidimp	Impidimp
Prankster	Frisk	Pickpocket
0860	Morgrem	Morgrem
Prankster	Frisk	Pickpocket
0861	Grimmsnarl	Grimmsnarl
Prankster	Frisk	Pickpocket
0868	Milcery	Milcery
Sweet Veil		Aroma Veil
0869	Alcremie	Alcremie
Sweet Veil		Aroma Veil
0870	Falinks	Falinks
Battle Armor		Defiant
0871	Pincurchin	Pincurchin
Lightning Rod		Electric Surge
0872	Snom	Snom
Shield Dust		Ice Scales
0873	Frosmoth	Frosmoth
Shield Dust		Ice Scales
0874	Stonjourner	Stonjourner
Power Spot		
0875	Eiscue	Eiscue
Ice Face	Ice Face		
0875	Eiscue	Eiscue
Noice Face	Ice Face		
0876	Indeedee	Indeedee
Male	Inner Focus	Synchronize	Psychic Surge
0876	Indeedee	Indeedee
Female	Own Tempo	Synchronize	Psychic Surge
0877	Morpeko	Morpeko
Full Belly Mode	Hunger Switch		
0877	Morpeko	Morpeko
Hangry Mode	Hunger Switch		
0878	Cufant	Cufant
Sheer Force		Heavy Metal
0879	Copperajah	Copperajah
Sheer Force		Heavy Metal
0880	Dracozolt	Dracozolt
Volt Absorb	Hustle	Sand Rush
0881	Arctozolt	Arctozolt
Volt Absorb	Static	Slush Rush
0882	Dracovish	Dracovish
Water Absorb	Strong Jaw	Sand Rush
0883	Arctovish	Arctovish
Water Absorb	Ice Body	Slush Rush
0884	Duraludon	Duraludon
Light Metal	Heavy Metal	Stalwart
1018	Archaludon	Archaludon
Stamina	Sturdy	Stalwart
0885	Dreepy	Dreepy
Clear Body	Infiltrator	Cursed Body
0886	Drakloak	Drakloak
Clear Body	Infiltrator	Cursed Body
0887	Dragapult	Dragapult
Clear Body	Infiltrator	Cursed Body
0888	Zacian	Zacian
Hero of Many Battles	Intrepid Sword		
0888	Zacian	Zacian
Crowned Sword	Intrepid Sword		
0889	Zamazenta	Zamazenta
Hero of Many Battles	Dauntless Shield		
0889	Zamazenta	Zamazenta
Crowned Shield	Dauntless Shield		
0890	Eternatus	Eternatus
Pressure		
0890	Eternatus	Eternatus
Eternamax Eternatus	Pressure		
0891	Kubfu	Kubfu
Inner Focus		
0892	Urshifu	Urshifu
Single Strike Style	Unseen Fist		
0892	Urshifu	Urshifu
Rapid Strike Style	Unseen Fist		
0893	Zarude	Zarude
Leaf Guard		
0894	Regieleki	Regieleki
Transistor		
0895	Regidrago	Regidrago
Dragon's Maw		
0896	Glastrier	Glastrier
Chilling Neigh		
0897	Spectrier	Spectrier
Grim Neigh		
0898	Calyrex	Calyrex
Unnerve		
0898	Calyrex	Calyrex
Ice Rider	As One		
0898	Calyrex	Calyrex
Shadow Rider	As One		
0905	Enamorus	Enamorus*
Incarnate Forme	Cute CharmGen IX+		Contrary
0905	Enamorus	Enamorus
Therian Forme	Overcoat		
0906	Sprigatito	Sprigatito
Overgrow		Protean
0907	Floragato	Floragato
Overgrow		Protean
0908	Meowscarada	Meowscarada
Overgrow		Protean
0909	Fuecoco	Fuecoco
Blaze		Unaware
0910	Crocalor	Crocalor
Blaze		Unaware
0911	Skeledirge	Skeledirge
Blaze		Unaware
0912	Quaxly	Quaxly
Torrent		Moxie
0913	Quaxwell	Quaxwell
Torrent		Moxie
0914	Quaquaval	Quaquaval
Torrent		Moxie
0915	Lechonk	Lechonk
Aroma Veil	Gluttony	Thick Fat
0916	Oinkologne	Oinkologne
Male	Lingering Aroma	Gluttony	Thick Fat
0916	Oinkologne	Oinkologne
Female	Aroma Veil	Gluttony	Thick Fat
0917	Tarountula	Tarountula
Insomnia		Stakeout
0918	Spidops	Spidops
Insomnia		Stakeout
0919	Nymble	Nymble
Swarm		Tinted Lens
0920	Lokix	Lokix
Swarm		Tinted Lens
0921	Pawmi	Pawmi
Static	Natural Cure	Iron Fist
0922	Pawmo	Pawmo
Volt Absorb	Natural Cure	Iron Fist
0923	Pawmot	Pawmot
Volt Absorb	Natural Cure	Iron Fist
0924	Tandemaus	Tandemaus
Run Away	Pickup	Own Tempo
0925	Maushold	Maushold
Family of Four	Friend Guard	Cheek Pouch	Technician
0925	Maushold	Maushold
Family of Three	Friend Guard	Cheek Pouch	Technician
0926	Fidough	Fidough
Own Tempo		Klutz
0927	Dachsbun	Dachsbun
Well-Baked Body		Aroma Veil
0928	Smoliv	Smoliv
Early Bird		Harvest
0929	Dolliv	Dolliv
Early Bird		Harvest
0930	Arboliva	Arboliva
Seed Sower		Harvest
0931	Squawkabilly	Squawkabilly
Green Plumage	Intimidate	Hustle	Guts
0931	Squawkabilly	Squawkabilly
Blue Plumage	Intimidate	Hustle	Guts
0931	Squawkabilly	Squawkabilly
Yellow Plumage	Intimidate	Hustle	Sheer Force
0931	Squawkabilly	Squawkabilly
White Plumage	Intimidate	Hustle	Sheer Force
0932	Nacli	Nacli
Purifying Salt	Sturdy	Clear Body
0933	Naclstack	Naclstack
Purifying Salt	Sturdy	Clear Body
0934	Garganacl	Garganacl
Purifying Salt	Sturdy	Clear Body
0935	Charcadet	Charcadet
Flash Fire		Flame Body
0936	Armarouge	Armarouge
Flash Fire		Weak Armor
0937	Ceruledge	Ceruledge
Flash Fire		Weak Armor
0938	Tadbulb	Tadbulb
Own Tempo	Static	Damp
0939	Bellibolt	Bellibolt
Electromorphosis	Static	Damp
0940	Wattrel	Wattrel
Wind Power	Volt Absorb	Competitive
0941	Kilowattrel	Kilowattrel
Wind Power	Volt Absorb	Competitive
0942	Maschiff	Maschiff
Intimidate	Run Away	Stakeout
0943	Mabosstiff	Mabosstiff
Intimidate	Guard Dog	Stakeout
0944	Shroodle	Shroodle
Unburden	Pickpocket	Prankster
0945	Grafaiai	Grafaiai
Unburden	Poison Touch	Prankster
0946	Bramblin	Bramblin
Wind Rider		Infiltrator
0947	Brambleghast	Brambleghast
Wind Rider		Infiltrator
0948	Toedscool	Toedscool
Mycelium Might		
0949	Toedscruel	Toedscruel
Mycelium Might		
0950	Klawf	Klawf
Anger Shell	Shell Armor	Regenerator
0951	Capsakid	Capsakid
Chlorophyll	Insomnia	Klutz
0952	Scovillain	Scovillain
Chlorophyll	Insomnia	Moody
0953	Rellor	Rellor
Compound Eyes		Shed Skin
0954	Rabsca	Rabsca
Synchronize		Telepathy
0955	Flittle	Flittle
Anticipation	Frisk	Speed Boost
0956	Espathra	Espathra
Opportunist	Frisk	Speed Boost
0957	Tinkatink	Tinkatink
Mold Breaker	Own Tempo	Pickpocket
0958	Tinkatuff	Tinkatuff
Mold Breaker	Own Tempo	Pickpocket
0959	Tinkaton	Tinkaton
Mold Breaker	Own Tempo	Pickpocket
0960	Wiglett	Wiglett
Gooey	Rattled	Sand Veil
0961	Wugtrio	Wugtrio
Gooey	Rattled	Sand Veil
0962	Bombirdier	Bombirdier
Big Pecks	Keen Eye	Rocky Payload
0963	Finizen	Finizen
Water Veil		
0964	Palafin	Palafin
Zero Form	Zero to Hero		
0964	Palafin	Palafin
Hero Form	Zero to Hero		
0965	Varoom	Varoom
Overcoat		Slow Start
0966	Revavroom	Revavroom
Overcoat		Filter
0967	Cyclizar	Cyclizar
Shed Skin		Regenerator
0968	Orthworm	Orthworm
Earth Eater		Sand Veil
0969	Glimmet	Glimmet
Toxic Debris		Corrosion
0970	Glimmora	Glimmora
Toxic Debris		Corrosion
0971	Greavard	Greavard
Pickup		Fluffy
0972	Houndstone	Houndstone
Sand Rush		Fluffy
0973	Flamigo	Flamigo
Scrappy	Tangled Feet	Costar
0974	Cetoddle	Cetoddle
Thick Fat	Snow Cloak	Sheer Force
0975	Cetitan	Cetitan
Thick Fat	Slush Rush	Sheer Force
0976	Veluza	Veluza
Mold Breaker		Sharpness
0977	Dondozo	Dondozo
Unaware	Oblivious	Water Veil
0978	Tatsugiri	Tatsugiri
Curly Form	Commander		Storm Drain
0978	Tatsugiri	Tatsugiri
Droopy Form	Commander		Storm Drain
0978	Tatsugiri	Tatsugiri
Stretchy Form	Commander		Storm Drain
0984	Great Tusk	Great Tusk
Protosynthesis		
0985	Scream Tail	Scream Tail
Protosynthesis		
0986	Brute Bonnet	Brute Bonnet
Protosynthesis		
0987	Flutter Mane	Flutter Mane
Protosynthesis		
0988	Slither Wing	Slither Wing
Protosynthesis		
0989	Sandy Shocks	Sandy Shocks
Protosynthesis		
0990	Iron Treads	Iron Treads
Quark Drive		
0991	Iron Bundle	Iron Bundle
Quark Drive		
0992	Iron Hands	Iron Hands
Quark Drive		
0993	Iron Jugulis	Iron Jugulis
Quark Drive		
0994	Iron Moth	Iron Moth
Quark Drive		
0995	Iron Thorns	Iron Thorns
Quark Drive		
0996	Frigibax	Frigibax
Thermal Exchange		Ice Body
0997	Arctibax	Arctibax
Thermal Exchange		Ice Body
0998	Baxcalibur	Baxcalibur
Thermal Exchange		Ice Body
0999	Gimmighoul	Gimmighoul
Chest Form	Rattled		
0999	Gimmighoul	Gimmighoul
Roaming Form	Run Away		
1000	Gholdengo	Gholdengo
Good as Gold		
1001	Wo-Chien	Wo-Chien
Tablets of Ruin		
1002	Chien-Pao	Chien-Pao
Sword of Ruin		
1003	Ting-Lu	Ting-Lu
Vessel of Ruin		
1004	Chi-Yu	Chi-Yu
Beads of Ruin		
1005	Roaring Moon	Roaring Moon
Protosynthesis		
1006	Iron Valiant	Iron Valiant
Quark Drive		
1007	Koraidon	Koraidon
Orichalcum Pulse		
1008	Miraidon	Miraidon
Hadron Engine		
1009	Walking Wake	Walking Wake
Protosynthesis		
1010	Iron Leaves	Iron Leaves
Quark Drive		
1012	Poltchageist	Poltchageist
Hospitality		Heatproof
1013	Sinistcha	Sinistcha
Hospitality		Heatproof
1014	Okidogi	Okidogi
Toxic Chain		Guard Dog
1015	Munkidori	Munkidori
Toxic Chain		Frisk
1016	Fezandipiti	Fezandipiti
Toxic Chain		Technician
1017	Ogerpon	Ogerpon
Teal Mask	Defiant		
1020	Gouging Fire	Gouging Fire
Protosynthesis		
1021	Raging Bolt	Raging Bolt
Protosynthesis		
1022	Iron Boulder	Iron Boulder
Quark Drive		
1023	Iron Crown	Iron Crown
Quark Drive		
1024	Terapagos	Terapagos
Normal Form	Tera Shift		
1024	Terapagos	Terapagos
Terastal Form	Tera Shell		
1024	Terapagos	Terapagos
Stellar Form	Teraform Zero		
1025	Pecharunt	Pecharunt
Poison Puppeteer		
